2025-05-01 10:19:05,453 - INFO - 用戶輸入播放清單 URL：https://www.youtube.com/watch?v=tv95k0zqnaA&list=RDenFGhIcD1d8&index=4
2025-05-01 10:19:06,587 - INFO - 下載數量限制：None
2025-05-01 10:19:07,357 - INFO - 選擇的下載格式：b[ext=mp4]
2025-05-01 10:19:07,358 - INFO - 正在取得播放清單資訊：https://www.youtube.com/watch?v=tv95k0zqnaA&list=RDenFGhIcD1d8&index=4
2025-05-01 10:19:07,358 - INFO - 檢查 URL：https://www.youtube.com/watch?v=tv95k0zqnaA&list=RDenFGhIcD1d8&index=4，是否為播放清單：True
2025-05-01 10:19:39,349 - WARNING - 使用 CP950 解碼輸出，因 UTF-8 失敗
2025-05-01 10:19:39,366 - WARNING - 跳過無效 JSON 行：Expecting value: line 1 column 1 (char 0)
2025-05-01 10:19:39,366 - WARNING - 跳過無效 JSON 行：Expecting value: line 1 column 1 (char 0)
2025-05-01 10:19:39,366 - WARNING - 跳過無效 JSON 行：Expecting value: line 1 column 1 (char 0)
2025-05-01 10:19:39,366 - WARNING - 跳過無效 JSON 行：Expecting value: line 1 column 1 (char 0)
2025-05-01 10:19:39,367 - WARNING - 跳過無效 JSON 行：Expecting value: line 1 column 1 (char 0)
2025-05-01 10:19:39,367 - WARNING - 跳過無效 JSON 行：Expecting value: line 1 column 1 (char 0)
2025-05-01 10:19:39,367 - WARNING - 跳過無效 JSON 行：Expecting value: line 1 column 1 (char 0)
2025-05-01 10:19:39,367 - WARNING - 跳過無效 JSON 行：Expecting value: line 1 column 1 (char 0)
2025-05-01 10:19:39,367 - WARNING - 跳過無效 JSON 行：Expecting value: line 1 column 1 (char 0)
2025-05-01 10:19:39,367 - WARNING - 跳過無效 JSON 行：Expecting value: line 1 column 1 (char 0)
2025-05-01 10:19:39,367 - WARNING - 跳過無效 JSON 行：Expecting value: line 1 column 1 (char 0)
2025-05-01 10:19:39,367 - WARNING - 跳過無效 JSON 行：Expecting value: line 1 column 1 (char 0)
2025-05-01 10:19:39,367 - WARNING - 跳過無效 JSON 行：Expecting value: line 1 column 1 (char 0)
2025-05-01 10:19:39,367 - WARNING - 跳過無效 JSON 行：Expecting value: line 1 column 1 (char 0)
2025-05-01 10:19:39,368 - WARNING - 跳過無效 JSON 行：Expecting value: line 1 column 1 (char 0)
2025-05-01 10:19:39,368 - WARNING - 跳過無效 JSON 行：Expecting value: line 1 column 1 (char 0)
2025-05-01 10:19:39,368 - WARNING - 跳過無效 JSON 行：Expecting value: line 1 column 1 (char 0)
2025-05-01 10:19:39,368 - WARNING - 跳過無效 JSON 行：Expecting value: line 1 column 1 (char 0)
2025-05-01 10:19:39,368 - WARNING - 跳過無效 JSON 行：Expecting value: line 1 column 1 (char 0)
2025-05-01 10:19:39,368 - WARNING - 跳過無效 JSON 行：Expecting value: line 1 column 1 (char 0)
2025-05-01 10:19:39,368 - WARNING - 跳過無效 JSON 行：Expecting value: line 1 column 1 (char 0)
2025-05-01 10:19:39,368 - WARNING - 跳過無效 JSON 行：Expecting value: line 1 column 1 (char 0)
2025-05-01 10:19:39,369 - WARNING - 跳過無效 JSON 行：Expecting value: line 1 column 1 (char 0)
2025-05-01 10:19:39,369 - WARNING - 跳過無效 JSON 行：Expecting value: line 1 column 1 (char 0)
2025-05-01 10:19:39,369 - WARNING - 跳過無效 JSON 行：Expecting value: line 1 column 1 (char 0)
2025-05-01 10:19:39,369 - WARNING - 跳過無效 JSON 行：Expecting value: line 1 column 1 (char 0)
2025-05-01 10:19:39,369 - WARNING - 跳過無效 JSON 行：Expecting value: line 1 column 1 (char 0)
2025-05-01 10:19:39,369 - WARNING - 跳過無效 JSON 行：Expecting value: line 1 column 1 (char 0)
2025-05-01 10:19:39,370 - WARNING - 跳過無效 JSON 行：Expecting value: line 1 column 1 (char 0)
2025-05-01 10:19:39,370 - WARNING - 跳過無效 JSON 行：Expecting value: line 1 column 1 (char 0)
2025-05-01 10:19:39,370 - WARNING - 跳過無效 JSON 行：Expecting value: line 1 column 1 (char 0)
2025-05-01 10:19:39,370 - WARNING - 跳過無效 JSON 行：Expecting value: line 1 column 1 (char 0)
2025-05-01 10:19:39,370 - WARNING - 跳過無效 JSON 行：Expecting value: line 1 column 1 (char 0)
2025-05-01 10:19:39,370 - WARNING - 跳過無效 JSON 行：Expecting value: line 1 column 1 (char 0)
2025-05-01 10:19:39,370 - WARNING - 跳過無效 JSON 行：Expecting value: line 1 column 1 (char 0)
2025-05-01 10:19:39,371 - WARNING - 跳過無效 JSON 行：Expecting value: line 1 column 1 (char 0)
2025-05-01 10:19:39,371 - WARNING - 跳過無效 JSON 行：Expecting value: line 1 column 1 (char 0)
2025-05-01 10:19:39,371 - WARNING - 跳過無效 JSON 行：Expecting value: line 1 column 1 (char 0)
2025-05-01 10:19:39,371 - WARNING - 跳過無效 JSON 行：Expecting value: line 1 column 1 (char 0)
2025-05-01 10:19:39,371 - WARNING - 跳過無效 JSON 行：Expecting value: line 1 column 1 (char 0)
2025-05-01 10:19:39,371 - WARNING - 跳過無效 JSON 行：Expecting value: line 1 column 1 (char 0)
2025-05-01 10:19:39,371 - WARNING - 跳過無效 JSON 行：Expecting value: line 1 column 1 (char 0)
2025-05-01 10:19:39,372 - WARNING - 跳過無效 JSON 行：Expecting value: line 1 column 1 (char 0)
2025-05-01 10:19:39,372 - WARNING - 跳過無效 JSON 行：Expecting value: line 1 column 1 (char 0)
2025-05-01 10:19:39,372 - WARNING - 跳過無效 JSON 行：Expecting value: line 1 column 1 (char 0)
2025-05-01 10:19:39,372 - WARNING - 跳過無效 JSON 行：Expecting value: line 1 column 1 (char 0)
2025-05-01 10:19:39,372 - WARNING - 跳過無效 JSON 行：Expecting value: line 1 column 1 (char 0)
2025-05-01 10:19:39,372 - WARNING - 跳過無效 JSON 行：Expecting value: line 1 column 1 (char 0)
2025-05-01 10:19:39,372 - WARNING - 跳過無效 JSON 行：Expecting value: line 1 column 1 (char 0)
2025-05-01 10:19:39,373 - WARNING - 跳過無效 JSON 行：Expecting value: line 1 column 1 (char 0)
2025-05-01 10:19:39,373 - WARNING - 跳過無效 JSON 行：Expecting value: line 1 column 1 (char 0)
2025-05-01 10:19:39,373 - WARNING - 跳過無效 JSON 行：Expecting value: line 1 column 1 (char 0)
2025-05-01 10:19:39,373 - WARNING - 跳過無效 JSON 行：Expecting value: line 1 column 1 (char 0)
2025-05-01 10:19:39,374 - WARNING - 跳過無效 JSON 行：Expecting value: line 1 column 1 (char 0)
2025-05-01 10:19:39,374 - WARNING - 跳過無效 JSON 行：Expecting value: line 1 column 1 (char 0)
2025-05-01 10:19:39,374 - WARNING - 跳過無效 JSON 行：Expecting value: line 1 column 1 (char 0)
2025-05-01 10:19:39,374 - WARNING - 跳過無效 JSON 行：Expecting value: line 1 column 1 (char 0)
2025-05-01 10:19:39,374 - WARNING - 跳過無效 JSON 行：Expecting value: line 1 column 1 (char 0)
2025-05-01 10:19:39,374 - WARNING - 跳過無效 JSON 行：Expecting value: line 1 column 1 (char 0)
2025-05-01 10:19:39,374 - WARNING - 跳過無效 JSON 行：Expecting value: line 1 column 1 (char 0)
2025-05-01 10:19:39,374 - WARNING - 跳過無效 JSON 行：Expecting value: line 1 column 1 (char 0)
2025-05-01 10:19:39,374 - WARNING - 跳過無效 JSON 行：Expecting value: line 1 column 1 (char 0)
2025-05-01 10:19:39,374 - WARNING - 跳過無效 JSON 行：Expecting value: line 1 column 1 (char 0)
2025-05-01 10:19:39,374 - WARNING - 跳過無效 JSON 行：Expecting value: line 1 column 1 (char 0)
2025-05-01 10:19:39,374 - WARNING - 跳過無效 JSON 行：Expecting value: line 1 column 1 (char 0)
2025-05-01 10:19:39,374 - WARNING - 跳過無效 JSON 行：Expecting value: line 1 column 1 (char 0)
2025-05-01 10:19:39,374 - WARNING - 跳過無效 JSON 行：Expecting value: line 1 column 1 (char 0)
2025-05-01 10:19:39,374 - WARNING - 跳過無效 JSON 行：Expecting value: line 1 column 1 (char 0)
2025-05-01 10:19:39,374 - WARNING - 跳過無效 JSON 行：Expecting value: line 1 column 1 (char 0)
2025-05-01 10:19:39,374 - WARNING - 跳過無效 JSON 行：Expecting value: line 1 column 1 (char 0)
2025-05-01 10:19:39,374 - WARNING - 跳過無效 JSON 行：Expecting value: line 1 column 1 (char 0)
2025-05-01 10:19:39,374 - WARNING - 跳過無效 JSON 行：Expecting value: line 1 column 1 (char 0)
2025-05-01 10:19:39,374 - WARNING - 跳過無效 JSON 行：Expecting value: line 1 column 1 (char 0)
2025-05-01 10:19:39,374 - WARNING - 跳過無效 JSON 行：Expecting value: line 1 column 1 (char 0)
2025-05-01 10:19:39,374 - WARNING - 跳過無效 JSON 行：Expecting value: line 1 column 1 (char 0)
2025-05-01 10:19:39,374 - WARNING - 跳過無效 JSON 行：Expecting value: line 1 column 1 (char 0)
2025-05-01 10:19:39,374 - WARNING - 跳過無效 JSON 行：Expecting value: line 1 column 1 (char 0)
2025-05-01 10:19:39,374 - WARNING - 跳過無效 JSON 行：Expecting value: line 1 column 1 (char 0)
2025-05-01 10:19:39,374 - WARNING - 跳過無效 JSON 行：Expecting value: line 1 column 1 (char 0)
2025-05-01 10:19:39,374 - WARNING - 跳過無效 JSON 行：Expecting value: line 1 column 1 (char 0)
2025-05-01 10:19:39,374 - WARNING - 跳過無效 JSON 行：Expecting value: line 1 column 1 (char 0)
2025-05-01 10:19:39,374 - WARNING - 跳過無效 JSON 行：Expecting value: line 1 column 1 (char 0)
2025-05-01 10:19:39,374 - WARNING - 跳過無效 JSON 行：Expecting value: line 1 column 1 (char 0)
2025-05-01 10:19:39,374 - WARNING - 跳過無效 JSON 行：Expecting value: line 1 column 1 (char 0)
2025-05-01 10:19:39,374 - WARNING - 跳過無效 JSON 行：Expecting value: line 1 column 1 (char 0)
2025-05-01 10:19:39,379 - WARNING - 跳過無效 JSON 行：Expecting value: line 1 column 1 (char 0)
2025-05-01 10:19:39,379 - WARNING - 跳過無效 JSON 行：Expecting value: line 1 column 1 (char 0)
2025-05-01 10:19:39,379 - WARNING - 跳過無效 JSON 行：Expecting value: line 1 column 1 (char 0)
2025-05-01 10:19:39,379 - WARNING - 跳過無效 JSON 行：Expecting value: line 1 column 1 (char 0)
2025-05-01 10:19:39,379 - WARNING - 跳過無效 JSON 行：Expecting value: line 1 column 1 (char 0)
2025-05-01 10:19:39,379 - WARNING - 跳過無效 JSON 行：Expecting value: line 1 column 1 (char 0)
2025-05-01 10:19:39,379 - WARNING - 跳過無效 JSON 行：Expecting value: line 1 column 1 (char 0)
2025-05-01 10:19:39,379 - WARNING - 跳過無效 JSON 行：Expecting value: line 1 column 1 (char 0)
2025-05-01 10:19:39,379 - WARNING - 跳過無效 JSON 行：Expecting value: line 1 column 1 (char 0)
2025-05-01 10:19:39,379 - WARNING - 跳過無效 JSON 行：Expecting value: line 1 column 1 (char 0)
2025-05-01 10:19:39,379 - WARNING - 跳過無效 JSON 行：Expecting value: line 1 column 1 (char 0)
2025-05-01 10:19:39,379 - WARNING - 跳過無效 JSON 行：Expecting value: line 1 column 1 (char 0)
2025-05-01 10:19:39,379 - WARNING - 跳過無效 JSON 行：Expecting value: line 1 column 1 (char 0)
2025-05-01 10:19:39,379 - WARNING - 跳過無效 JSON 行：Expecting value: line 1 column 1 (char 0)
2025-05-01 10:19:39,379 - WARNING - 跳過無效 JSON 行：Expecting value: line 1 column 1 (char 0)
2025-05-01 10:19:39,379 - WARNING - 跳過無效 JSON 行：Expecting value: line 1 column 1 (char 0)
2025-05-01 10:19:39,379 - WARNING - 跳過無效 JSON 行：Expecting value: line 1 column 1 (char 0)
2025-05-01 10:19:39,379 - WARNING - 跳過無效 JSON 行：Expecting value: line 1 column 1 (char 0)
2025-05-01 10:19:39,379 - WARNING - 跳過無效 JSON 行：Expecting value: line 1 column 1 (char 0)
2025-05-01 10:19:39,379 - WARNING - 跳過無效 JSON 行：Expecting value: line 1 column 1 (char 0)
2025-05-01 10:19:39,379 - WARNING - 跳過無效 JSON 行：Expecting value: line 1 column 1 (char 0)
2025-05-01 10:19:39,379 - WARNING - 跳過無效 JSON 行：Expecting value: line 1 column 1 (char 0)
2025-05-01 10:19:39,379 - WARNING - 跳過無效 JSON 行：Expecting value: line 1 column 1 (char 0)
2025-05-01 10:19:39,379 - WARNING - 跳過無效 JSON 行：Expecting value: line 1 column 1 (char 0)
2025-05-01 10:19:39,379 - WARNING - 跳過無效 JSON 行：Expecting value: line 1 column 1 (char 0)
2025-05-01 10:19:39,379 - WARNING - 跳過無效 JSON 行：Expecting value: line 1 column 1 (char 0)
2025-05-01 10:19:39,379 - WARNING - 跳過無效 JSON 行：Expecting value: line 1 column 1 (char 0)
2025-05-01 10:19:39,379 - WARNING - 跳過無效 JSON 行：Expecting value: line 1 column 1 (char 0)
2025-05-01 10:19:39,379 - WARNING - 跳過無效 JSON 行：Expecting value: line 1 column 1 (char 0)
2025-05-01 10:19:39,379 - WARNING - 跳過無效 JSON 行：Expecting value: line 1 column 1 (char 0)
2025-05-01 10:19:39,379 - WARNING - 跳過無效 JSON 行：Expecting value: line 1 column 1 (char 0)
2025-05-01 10:19:39,379 - WARNING - 跳過無效 JSON 行：Expecting value: line 1 column 1 (char 0)
2025-05-01 10:19:39,379 - WARNING - 跳過無效 JSON 行：Expecting value: line 1 column 1 (char 0)
2025-05-01 10:19:39,379 - WARNING - 跳過無效 JSON 行：Expecting value: line 1 column 1 (char 0)
2025-05-01 10:19:39,379 - WARNING - 跳過無效 JSON 行：Expecting value: line 1 column 1 (char 0)
2025-05-01 10:19:39,379 - WARNING - 跳過無效 JSON 行：Expecting value: line 1 column 1 (char 0)
2025-05-01 10:19:39,379 - WARNING - 跳過無效 JSON 行：Expecting value: line 1 column 1 (char 0)
2025-05-01 10:19:39,379 - WARNING - 跳過無效 JSON 行：Expecting value: line 1 column 1 (char 0)
2025-05-01 10:19:39,384 - WARNING - 跳過無效 JSON 行：Expecting value: line 1 column 1 (char 0)
2025-05-01 10:19:39,384 - WARNING - 跳過無效 JSON 行：Expecting value: line 1 column 1 (char 0)
2025-05-01 10:19:39,384 - WARNING - 跳過無效 JSON 行：Expecting value: line 1 column 1 (char 0)
2025-05-01 10:19:39,384 - WARNING - 跳過無效 JSON 行：Expecting value: line 1 column 1 (char 0)
2025-05-01 10:19:39,384 - WARNING - 跳過無效 JSON 行：Expecting value: line 1 column 1 (char 0)
2025-05-01 10:19:39,384 - WARNING - 跳過無效 JSON 行：Expecting value: line 1 column 1 (char 0)
2025-05-01 10:19:39,384 - WARNING - 跳過無效 JSON 行：Expecting value: line 1 column 1 (char 0)
2025-05-01 10:19:39,384 - WARNING - 跳過無效 JSON 行：Expecting value: line 1 column 1 (char 0)
2025-05-01 10:19:39,384 - WARNING - 跳過無效 JSON 行：Expecting value: line 1 column 1 (char 0)
2025-05-01 10:19:39,384 - WARNING - 跳過無效 JSON 行：Expecting value: line 1 column 1 (char 0)
2025-05-01 10:19:39,384 - WARNING - 跳過無效 JSON 行：Expecting value: line 1 column 1 (char 0)
2025-05-01 10:19:39,384 - WARNING - 跳過無效 JSON 行：Expecting value: line 1 column 1 (char 0)
2025-05-01 10:19:39,384 - WARNING - 跳過無效 JSON 行：Expecting value: line 1 column 1 (char 0)
2025-05-01 10:19:39,384 - WARNING - 跳過無效 JSON 行：Expecting value: line 1 column 1 (char 0)
2025-05-01 10:19:39,384 - WARNING - 跳過無效 JSON 行：Expecting value: line 1 column 1 (char 0)
2025-05-01 10:19:39,384 - WARNING - 跳過無效 JSON 行：Expecting value: line 1 column 1 (char 0)
2025-05-01 10:19:39,384 - WARNING - 跳過無效 JSON 行：Expecting value: line 1 column 1 (char 0)
2025-05-01 10:19:39,384 - WARNING - 跳過無效 JSON 行：Expecting value: line 1 column 1 (char 0)
2025-05-01 10:19:39,384 - WARNING - 跳過無效 JSON 行：Expecting value: line 1 column 1 (char 0)
2025-05-01 10:19:39,384 - WARNING - 跳過無效 JSON 行：Expecting value: line 1 column 1 (char 0)
2025-05-01 10:19:39,384 - WARNING - 跳過無效 JSON 行：Expecting value: line 1 column 1 (char 0)
2025-05-01 10:19:39,384 - WARNING - 跳過無效 JSON 行：Expecting value: line 1 column 1 (char 0)
2025-05-01 10:19:39,384 - WARNING - 跳過無效 JSON 行：Expecting value: line 1 column 1 (char 0)
2025-05-01 10:19:39,384 - WARNING - 跳過無效 JSON 行：Expecting value: line 1 column 1 (char 0)
2025-05-01 10:19:39,384 - WARNING - 跳過無效 JSON 行：Expecting value: line 1 column 1 (char 0)
2025-05-01 10:19:39,384 - WARNING - 跳過無效 JSON 行：Expecting value: line 1 column 1 (char 0)
2025-05-01 10:19:39,384 - WARNING - 跳過無效 JSON 行：Expecting value: line 1 column 1 (char 0)
2025-05-01 10:19:39,384 - WARNING - 跳過無效 JSON 行：Expecting value: line 1 column 1 (char 0)
2025-05-01 10:19:39,388 - WARNING - 跳過無效 JSON 行：Expecting value: line 1 column 1 (char 0)
2025-05-01 10:19:39,388 - WARNING - 跳過無效 JSON 行：Expecting value: line 1 column 1 (char 0)
2025-05-01 10:19:39,388 - WARNING - 跳過無效 JSON 行：Expecting value: line 1 column 1 (char 0)
2025-05-01 10:19:39,388 - WARNING - 跳過無效 JSON 行：Expecting value: line 1 column 1 (char 0)
2025-05-01 10:19:39,388 - WARNING - 跳過無效 JSON 行：Expecting value: line 1 column 1 (char 0)
2025-05-01 10:19:39,388 - WARNING - 跳過無效 JSON 行：Expecting value: line 1 column 1 (char 0)
2025-05-01 10:19:39,388 - WARNING - 跳過無效 JSON 行：Expecting value: line 1 column 1 (char 0)
2025-05-01 10:19:39,389 - WARNING - 跳過無效 JSON 行：Expecting value: line 1 column 1 (char 0)
2025-05-01 10:19:39,389 - WARNING - 跳過無效 JSON 行：Expecting value: line 1 column 1 (char 0)
2025-05-01 10:19:39,389 - WARNING - 跳過無效 JSON 行：Expecting value: line 1 column 1 (char 0)
2025-05-01 10:19:39,389 - WARNING - 跳過無效 JSON 行：Expecting value: line 1 column 1 (char 0)
2025-05-01 10:19:39,389 - WARNING - 跳過無效 JSON 行：Expecting value: line 1 column 1 (char 0)
2025-05-01 10:19:39,390 - WARNING - 跳過無效 JSON 行：Expecting value: line 1 column 1 (char 0)
2025-05-01 10:19:39,390 - WARNING - 跳過無效 JSON 行：Expecting value: line 1 column 1 (char 0)
2025-05-01 10:19:39,390 - WARNING - 跳過無效 JSON 行：Expecting value: line 1 column 1 (char 0)
2025-05-01 10:19:39,390 - WARNING - 跳過無效 JSON 行：Expecting value: line 1 column 1 (char 0)
2025-05-01 10:19:39,390 - WARNING - 跳過無效 JSON 行：Expecting value: line 1 column 1 (char 0)
2025-05-01 10:19:39,390 - WARNING - 跳過無效 JSON 行：Expecting value: line 1 column 1 (char 0)
2025-05-01 10:19:39,390 - WARNING - 跳過無效 JSON 行：Expecting value: line 1 column 1 (char 0)
2025-05-01 10:19:39,391 - WARNING - 跳過無效 JSON 行：Expecting value: line 1 column 1 (char 0)
2025-05-01 10:19:39,391 - WARNING - 跳過無效 JSON 行：Expecting value: line 1 column 1 (char 0)
2025-05-01 10:19:39,391 - WARNING - 跳過無效 JSON 行：Expecting value: line 1 column 1 (char 0)
2025-05-01 10:19:39,391 - WARNING - 跳過無效 JSON 行：Expecting value: line 1 column 1 (char 0)
2025-05-01 10:19:39,391 - WARNING - 跳過無效 JSON 行：Expecting value: line 1 column 1 (char 0)
2025-05-01 10:19:39,391 - WARNING - 跳過無效 JSON 行：Expecting value: line 1 column 1 (char 0)
2025-05-01 10:19:39,391 - WARNING - 跳過無效 JSON 行：Expecting value: line 1 column 1 (char 0)
2025-05-01 10:19:39,392 - WARNING - 跳過無效 JSON 行：Expecting value: line 1 column 1 (char 0)
2025-05-01 10:19:39,392 - WARNING - 跳過無效 JSON 行：Expecting value: line 1 column 1 (char 0)
2025-05-01 10:19:39,392 - WARNING - 跳過無效 JSON 行：Expecting value: line 1 column 1 (char 0)
2025-05-01 10:19:39,392 - WARNING - 跳過無效 JSON 行：Expecting value: line 1 column 1 (char 0)
2025-05-01 10:19:39,392 - WARNING - 跳過無效 JSON 行：Expecting value: line 1 column 1 (char 0)
2025-05-01 10:19:39,392 - WARNING - 跳過無效 JSON 行：Expecting value: line 1 column 1 (char 0)
2025-05-01 10:19:39,393 - WARNING - 跳過無效 JSON 行：Expecting value: line 1 column 1 (char 0)
2025-05-01 10:19:39,393 - WARNING - 跳過無效 JSON 行：Expecting value: line 1 column 1 (char 0)
2025-05-01 10:19:39,393 - WARNING - 跳過無效 JSON 行：Expecting value: line 1 column 1 (char 0)
2025-05-01 10:19:39,393 - WARNING - 跳過無效 JSON 行：Expecting value: line 1 column 1 (char 0)
2025-05-01 10:19:39,393 - WARNING - 跳過無效 JSON 行：Expecting value: line 1 column 1 (char 0)
2025-05-01 10:19:39,394 - WARNING - 跳過無效 JSON 行：Expecting value: line 1 column 1 (char 0)
2025-05-01 10:19:39,394 - WARNING - 跳過無效 JSON 行：Expecting value: line 1 column 1 (char 0)
2025-05-01 10:19:39,394 - WARNING - 跳過無效 JSON 行：Expecting value: line 1 column 1 (char 0)
2025-05-01 10:19:39,394 - WARNING - 跳過無效 JSON 行：Expecting value: line 1 column 1 (char 0)
2025-05-01 10:19:39,394 - WARNING - 跳過無效 JSON 行：Expecting value: line 1 column 1 (char 0)
2025-05-01 10:19:39,395 - WARNING - 跳過無效 JSON 行：Expecting value: line 1 column 1 (char 0)
2025-05-01 10:19:39,395 - WARNING - 跳過無效 JSON 行：Expecting value: line 1 column 1 (char 0)
2025-05-01 10:19:39,395 - WARNING - 跳過無效 JSON 行：Expecting value: line 1 column 1 (char 0)
2025-05-01 10:19:39,395 - WARNING - 跳過無效 JSON 行：Expecting value: line 1 column 1 (char 0)
2025-05-01 10:19:39,396 - WARNING - 跳過無效 JSON 行：Expecting value: line 1 column 1 (char 0)
2025-05-01 10:19:39,396 - WARNING - 跳過無效 JSON 行：Expecting value: line 1 column 1 (char 0)
2025-05-01 10:19:39,396 - WARNING - 跳過無效 JSON 行：Expecting value: line 1 column 1 (char 0)
2025-05-01 10:19:39,396 - WARNING - 跳過無效 JSON 行：Expecting value: line 1 column 1 (char 0)
2025-05-01 10:19:39,397 - WARNING - 跳過無效 JSON 行：Expecting value: line 1 column 1 (char 0)
2025-05-01 10:19:39,397 - WARNING - 跳過無效 JSON 行：Expecting value: line 1 column 1 (char 0)
2025-05-01 10:19:39,397 - WARNING - 跳過無效 JSON 行：Expecting value: line 1 column 1 (char 0)
2025-05-01 10:19:39,397 - WARNING - 跳過無效 JSON 行：Expecting value: line 1 column 1 (char 0)
2025-05-01 10:19:39,397 - WARNING - 跳過無效 JSON 行：Expecting value: line 1 column 1 (char 0)
2025-05-01 10:19:39,397 - WARNING - 跳過無效 JSON 行：Expecting value: line 1 column 1 (char 0)
2025-05-01 10:19:39,397 - WARNING - 跳過無效 JSON 行：Expecting value: line 1 column 1 (char 0)
2025-05-01 10:19:39,397 - WARNING - 跳過無效 JSON 行：Expecting value: line 1 column 1 (char 0)
2025-05-01 10:19:39,397 - WARNING - 跳過無效 JSON 行：Expecting value: line 1 column 1 (char 0)
2025-05-01 10:19:39,398 - WARNING - 跳過無效 JSON 行：Expecting value: line 1 column 1 (char 0)
2025-05-01 10:19:39,398 - WARNING - 跳過無效 JSON 行：Expecting value: line 1 column 1 (char 0)
2025-05-01 10:19:39,398 - WARNING - 跳過無效 JSON 行：Expecting value: line 1 column 1 (char 0)
2025-05-01 10:19:39,398 - WARNING - 跳過無效 JSON 行：Expecting value: line 1 column 1 (char 0)
2025-05-01 10:19:39,398 - WARNING - 跳過無效 JSON 行：Expecting value: line 1 column 1 (char 0)
2025-05-01 10:19:39,398 - WARNING - 跳過無效 JSON 行：Expecting value: line 1 column 1 (char 0)
2025-05-01 10:19:39,398 - WARNING - 跳過無效 JSON 行：Expecting value: line 1 column 1 (char 0)
2025-05-01 10:19:39,398 - WARNING - 跳過無效 JSON 行：Expecting value: line 1 column 1 (char 0)
2025-05-01 10:19:39,398 - WARNING - 跳過無效 JSON 行：Expecting value: line 1 column 1 (char 0)
2025-05-01 10:19:39,398 - WARNING - 跳過無效 JSON 行：Expecting value: line 1 column 1 (char 0)
2025-05-01 10:19:39,398 - WARNING - 跳過無效 JSON 行：Expecting value: line 1 column 1 (char 0)
2025-05-01 10:19:39,398 - WARNING - 跳過無效 JSON 行：Expecting value: line 1 column 1 (char 0)
2025-05-01 10:19:39,400 - WARNING - 跳過無效 JSON 行：Expecting value: line 1 column 1 (char 0)
2025-05-01 10:19:39,400 - WARNING - 跳過無效 JSON 行：Expecting value: line 1 column 1 (char 0)
2025-05-01 10:19:39,400 - WARNING - 跳過無效 JSON 行：Expecting value: line 1 column 1 (char 0)
2025-05-01 10:19:39,400 - WARNING - 跳過無效 JSON 行：Expecting value: line 1 column 1 (char 0)
2025-05-01 10:19:39,400 - WARNING - 跳過無效 JSON 行：Expecting value: line 1 column 1 (char 0)
2025-05-01 10:19:39,400 - WARNING - 跳過無效 JSON 行：Expecting value: line 1 column 1 (char 0)
2025-05-01 10:19:39,400 - WARNING - 跳過無效 JSON 行：Expecting value: line 1 column 1 (char 0)
2025-05-01 10:19:39,400 - WARNING - 跳過無效 JSON 行：Expecting value: line 1 column 1 (char 0)
2025-05-01 10:19:39,400 - WARNING - 跳過無效 JSON 行：Expecting value: line 1 column 1 (char 0)
2025-05-01 10:19:39,400 - WARNING - 跳過無效 JSON 行：Expecting value: line 1 column 1 (char 0)
2025-05-01 10:19:39,400 - WARNING - 跳過無效 JSON 行：Expecting value: line 1 column 1 (char 0)
2025-05-01 10:19:39,402 - WARNING - 跳過無效 JSON 行：Expecting value: line 1 column 1 (char 0)
2025-05-01 10:19:39,402 - WARNING - 跳過無效 JSON 行：Expecting value: line 1 column 1 (char 0)
2025-05-01 10:19:39,402 - WARNING - 跳過無效 JSON 行：Expecting value: line 1 column 1 (char 0)
2025-05-01 10:19:39,402 - WARNING - 跳過無效 JSON 行：Expecting value: line 1 column 1 (char 0)
2025-05-01 10:19:39,402 - WARNING - 跳過無效 JSON 行：Expecting value: line 1 column 1 (char 0)
2025-05-01 10:19:39,402 - WARNING - 跳過無效 JSON 行：Expecting value: line 1 column 1 (char 0)
2025-05-01 10:19:39,402 - WARNING - 跳過無效 JSON 行：Expecting value: line 1 column 1 (char 0)
2025-05-01 10:19:39,402 - WARNING - 跳過無效 JSON 行：Expecting value: line 1 column 1 (char 0)
2025-05-01 10:19:39,402 - WARNING - 跳過無效 JSON 行：Expecting value: line 1 column 1 (char 0)
2025-05-01 10:19:39,402 - WARNING - 跳過無效 JSON 行：Expecting value: line 1 column 1 (char 0)
2025-05-01 10:19:39,404 - WARNING - 跳過無效 JSON 行：Expecting value: line 1 column 1 (char 0)
2025-05-01 10:19:39,404 - WARNING - 跳過無效 JSON 行：Expecting value: line 1 column 1 (char 0)
2025-05-01 10:19:39,404 - WARNING - 跳過無效 JSON 行：Expecting value: line 1 column 1 (char 0)
2025-05-01 10:19:39,404 - WARNING - 跳過無效 JSON 行：Expecting value: line 1 column 1 (char 0)
2025-05-01 10:19:39,404 - WARNING - 跳過無效 JSON 行：Expecting value: line 1 column 1 (char 0)
2025-05-01 10:19:39,404 - WARNING - 跳過無效 JSON 行：Expecting value: line 1 column 1 (char 0)
2025-05-01 10:19:39,404 - WARNING - 跳過無效 JSON 行：Expecting value: line 1 column 1 (char 0)
2025-05-01 10:19:39,404 - WARNING - 跳過無效 JSON 行：Expecting value: line 1 column 1 (char 0)
2025-05-01 10:19:39,404 - WARNING - 跳過無效 JSON 行：Expecting value: line 1 column 1 (char 0)
2025-05-01 10:19:39,404 - WARNING - 跳過無效 JSON 行：Expecting value: line 1 column 1 (char 0)
2025-05-01 10:19:39,404 - WARNING - 跳過無效 JSON 行：Expecting value: line 1 column 1 (char 0)
2025-05-01 10:19:39,406 - WARNING - 跳過無效 JSON 行：Expecting value: line 1 column 1 (char 0)
2025-05-01 10:19:39,406 - WARNING - 跳過無效 JSON 行：Expecting value: line 1 column 1 (char 0)
2025-05-01 10:19:39,407 - WARNING - 跳過無效 JSON 行：Expecting value: line 1 column 1 (char 0)
2025-05-01 10:19:39,407 - WARNING - 跳過無效 JSON 行：Expecting value: line 1 column 1 (char 0)
2025-05-01 10:19:39,407 - WARNING - 跳過無效 JSON 行：Expecting value: line 1 column 1 (char 0)
2025-05-01 10:19:39,407 - WARNING - 跳過無效 JSON 行：Expecting value: line 1 column 1 (char 0)
2025-05-01 10:19:39,407 - WARNING - 跳過無效 JSON 行：Expecting value: line 1 column 1 (char 0)
2025-05-01 10:19:39,407 - WARNING - 跳過無效 JSON 行：Expecting value: line 1 column 1 (char 0)
2025-05-01 10:19:39,407 - WARNING - 跳過無效 JSON 行：Expecting value: line 1 column 1 (char 0)
2025-05-01 10:19:39,407 - WARNING - 跳過無效 JSON 行：Expecting value: line 1 column 1 (char 0)
2025-05-01 10:19:39,407 - WARNING - 跳過無效 JSON 行：Expecting value: line 1 column 1 (char 0)
2025-05-01 10:19:39,407 - WARNING - 跳過無效 JSON 行：Expecting value: line 1 column 1 (char 0)
2025-05-01 10:19:39,409 - WARNING - 跳過無效 JSON 行：Expecting value: line 1 column 1 (char 0)
2025-05-01 10:19:39,409 - WARNING - 跳過無效 JSON 行：Expecting value: line 1 column 1 (char 0)
2025-05-01 10:19:39,409 - WARNING - 跳過無效 JSON 行：Expecting value: line 1 column 1 (char 0)
2025-05-01 10:19:39,409 - WARNING - 跳過無效 JSON 行：Expecting value: line 1 column 1 (char 0)
2025-05-01 10:19:39,409 - WARNING - 跳過無效 JSON 行：Expecting value: line 1 column 1 (char 0)
2025-05-01 10:19:39,410 - WARNING - 跳過無效 JSON 行：Expecting value: line 1 column 1 (char 0)
2025-05-01 10:19:39,410 - WARNING - 跳過無效 JSON 行：Expecting value: line 1 column 1 (char 0)
2025-05-01 10:19:39,410 - WARNING - 跳過無效 JSON 行：Expecting value: line 1 column 1 (char 0)
2025-05-01 10:19:39,410 - WARNING - 跳過無效 JSON 行：Expecting value: line 1 column 1 (char 0)
2025-05-01 10:19:39,410 - WARNING - 跳過無效 JSON 行：Expecting value: line 1 column 1 (char 0)
2025-05-01 10:19:39,411 - WARNING - 跳過無效 JSON 行：Expecting value: line 1 column 1 (char 0)
2025-05-01 10:19:39,411 - WARNING - 跳過無效 JSON 行：Expecting value: line 1 column 1 (char 0)
2025-05-01 10:19:39,411 - WARNING - 跳過無效 JSON 行：Expecting value: line 1 column 1 (char 0)
2025-05-01 10:19:39,411 - WARNING - 跳過無效 JSON 行：Expecting value: line 1 column 1 (char 0)
2025-05-01 10:19:39,411 - WARNING - 跳過無效 JSON 行：Expecting value: line 1 column 1 (char 0)
2025-05-01 10:19:39,412 - WARNING - 跳過無效 JSON 行：Expecting value: line 1 column 1 (char 0)
2025-05-01 10:19:39,412 - WARNING - 跳過無效 JSON 行：Expecting value: line 1 column 1 (char 0)
2025-05-01 10:19:39,412 - WARNING - 跳過無效 JSON 行：Expecting value: line 1 column 1 (char 0)
2025-05-01 10:19:39,412 - WARNING - 跳過無效 JSON 行：Expecting value: line 1 column 1 (char 0)
2025-05-01 10:19:39,412 - WARNING - 跳過無效 JSON 行：Expecting value: line 1 column 1 (char 0)
2025-05-01 10:19:39,412 - WARNING - 跳過無效 JSON 行：Expecting value: line 1 column 1 (char 0)
2025-05-01 10:19:39,413 - WARNING - 跳過無效 JSON 行：Expecting value: line 1 column 1 (char 0)
2025-05-01 10:19:39,413 - WARNING - 跳過無效 JSON 行：Expecting value: line 1 column 1 (char 0)
2025-05-01 10:19:39,413 - WARNING - 跳過無效 JSON 行：Expecting value: line 1 column 1 (char 0)
2025-05-01 10:19:39,413 - WARNING - 跳過無效 JSON 行：Expecting value: line 1 column 1 (char 0)
2025-05-01 10:19:39,413 - WARNING - 跳過無效 JSON 行：Expecting value: line 1 column 1 (char 0)
2025-05-01 10:19:39,414 - WARNING - 跳過無效 JSON 行：Expecting value: line 1 column 1 (char 0)
2025-05-01 10:19:39,414 - WARNING - 跳過無效 JSON 行：Expecting value: line 1 column 1 (char 0)
2025-05-01 10:19:39,414 - WARNING - 跳過無效 JSON 行：Expecting value: line 1 column 1 (char 0)
2025-05-01 10:19:39,414 - WARNING - 跳過無效 JSON 行：Expecting value: line 1 column 1 (char 0)
2025-05-01 10:19:39,414 - WARNING - 跳過無效 JSON 行：Expecting value: line 1 column 1 (char 0)
2025-05-01 10:19:39,415 - WARNING - 跳過無效 JSON 行：Expecting value: line 1 column 1 (char 0)
2025-05-01 10:19:39,415 - WARNING - 跳過無效 JSON 行：Expecting value: line 1 column 1 (char 0)
2025-05-01 10:19:39,415 - WARNING - 跳過無效 JSON 行：Expecting value: line 1 column 1 (char 0)
2025-05-01 10:19:39,415 - WARNING - 跳過無效 JSON 行：Expecting value: line 1 column 1 (char 0)
2025-05-01 10:19:39,415 - WARNING - 跳過無效 JSON 行：Expecting value: line 1 column 1 (char 0)
2025-05-01 10:19:39,415 - WARNING - 跳過無效 JSON 行：Expecting value: line 1 column 1 (char 0)
2025-05-01 10:19:39,416 - WARNING - 跳過無效 JSON 行：Expecting value: line 1 column 1 (char 0)
2025-05-01 10:19:39,416 - WARNING - 跳過無效 JSON 行：Expecting value: line 1 column 1 (char 0)
2025-05-01 10:19:39,416 - WARNING - 跳過無效 JSON 行：Expecting value: line 1 column 1 (char 0)
2025-05-01 10:19:39,416 - WARNING - 跳過無效 JSON 行：Expecting value: line 1 column 1 (char 0)
2025-05-01 10:19:39,416 - WARNING - 跳過無效 JSON 行：Expecting value: line 1 column 1 (char 0)
2025-05-01 10:19:39,417 - WARNING - 跳過無效 JSON 行：Expecting value: line 1 column 1 (char 0)
2025-05-01 10:19:39,417 - WARNING - 跳過無效 JSON 行：Expecting value: line 1 column 1 (char 0)
2025-05-01 10:19:39,417 - WARNING - 跳過無效 JSON 行：Expecting value: line 1 column 1 (char 0)
2025-05-01 10:19:39,417 - WARNING - 跳過無效 JSON 行：Expecting value: line 1 column 1 (char 0)
2025-05-01 10:19:39,417 - WARNING - 跳過無效 JSON 行：Expecting value: line 1 column 1 (char 0)
2025-05-01 10:19:39,417 - WARNING - 跳過無效 JSON 行：Expecting value: line 1 column 1 (char 0)
2025-05-01 10:19:39,417 - WARNING - 跳過無效 JSON 行：Expecting value: line 1 column 1 (char 0)
2025-05-01 10:19:39,417 - WARNING - 跳過無效 JSON 行：Expecting value: line 1 column 1 (char 0)
2025-05-01 10:19:39,418 - WARNING - 跳過無效 JSON 行：Expecting value: line 1 column 1 (char 0)
2025-05-01 10:19:39,418 - WARNING - 跳過無效 JSON 行：Expecting value: line 1 column 1 (char 0)
2025-05-01 10:19:39,418 - WARNING - 跳過無效 JSON 行：Expecting value: line 1 column 1 (char 0)
2025-05-01 10:19:39,418 - WARNING - 跳過無效 JSON 行：Expecting value: line 1 column 1 (char 0)
2025-05-01 10:19:39,418 - WARNING - 跳過無效 JSON 行：Expecting value: line 1 column 1 (char 0)
2025-05-01 10:19:39,418 - WARNING - 跳過無效 JSON 行：Expecting value: line 1 column 1 (char 0)
2025-05-01 10:19:39,419 - WARNING - 跳過無效 JSON 行：Expecting value: line 1 column 1 (char 0)
2025-05-01 10:19:39,419 - WARNING - 跳過無效 JSON 行：Expecting value: line 1 column 1 (char 0)
2025-05-01 10:19:39,419 - WARNING - 跳過無效 JSON 行：Expecting value: line 1 column 1 (char 0)
2025-05-01 10:19:39,419 - WARNING - 跳過無效 JSON 行：Expecting value: line 1 column 1 (char 0)
2025-05-01 10:19:39,419 - WARNING - 跳過無效 JSON 行：Expecting value: line 1 column 1 (char 0)
2025-05-01 10:19:39,420 - WARNING - 跳過無效 JSON 行：Expecting value: line 1 column 1 (char 0)
2025-05-01 10:19:39,420 - WARNING - 跳過無效 JSON 行：Expecting value: line 1 column 1 (char 0)
2025-05-01 10:19:39,420 - WARNING - 跳過無效 JSON 行：Expecting value: line 1 column 1 (char 0)
2025-05-01 10:19:39,420 - WARNING - 跳過無效 JSON 行：Expecting value: line 1 column 1 (char 0)
2025-05-01 10:19:39,420 - WARNING - 跳過無效 JSON 行：Expecting value: line 1 column 1 (char 0)
2025-05-01 10:19:39,420 - WARNING - 跳過無效 JSON 行：Expecting value: line 1 column 1 (char 0)
2025-05-01 10:19:39,421 - WARNING - 跳過無效 JSON 行：Expecting value: line 1 column 1 (char 0)
2025-05-01 10:19:39,421 - WARNING - 跳過無效 JSON 行：Expecting value: line 1 column 1 (char 0)
2025-05-01 10:19:39,421 - WARNING - 跳過無效 JSON 行：Expecting value: line 1 column 1 (char 0)
2025-05-01 10:19:39,421 - WARNING - 跳過無效 JSON 行：Expecting value: line 1 column 1 (char 0)
2025-05-01 10:19:39,421 - WARNING - 跳過無效 JSON 行：Expecting value: line 1 column 1 (char 0)
2025-05-01 10:19:39,422 - WARNING - 跳過無效 JSON 行：Expecting value: line 1 column 1 (char 0)
2025-05-01 10:19:39,422 - WARNING - 跳過無效 JSON 行：Expecting value: line 1 column 1 (char 0)
2025-05-01 10:19:39,422 - WARNING - 跳過無效 JSON 行：Expecting value: line 1 column 1 (char 0)
2025-05-01 10:19:39,422 - WARNING - 跳過無效 JSON 行：Expecting value: line 1 column 1 (char 0)
2025-05-01 10:19:39,422 - WARNING - 跳過無效 JSON 行：Expecting value: line 1 column 1 (char 0)
2025-05-01 10:19:39,423 - WARNING - 跳過無效 JSON 行：Expecting value: line 1 column 1 (char 0)
2025-05-01 10:19:39,423 - WARNING - 跳過無效 JSON 行：Expecting value: line 1 column 1 (char 0)
2025-05-01 10:19:39,423 - WARNING - 跳過無效 JSON 行：Expecting value: line 1 column 1 (char 0)
2025-05-01 10:19:39,423 - WARNING - 跳過無效 JSON 行：Expecting value: line 1 column 1 (char 0)
2025-05-01 10:19:39,424 - WARNING - 跳過無效 JSON 行：Expecting value: line 1 column 1 (char 0)
2025-05-01 10:19:39,424 - WARNING - 跳過無效 JSON 行：Expecting value: line 1 column 1 (char 0)
2025-05-01 10:19:39,424 - WARNING - 跳過無效 JSON 行：Expecting value: line 1 column 1 (char 0)
2025-05-01 10:19:39,424 - WARNING - 跳過無效 JSON 行：Expecting value: line 1 column 1 (char 0)
2025-05-01 10:19:39,424 - WARNING - 跳過無效 JSON 行：Expecting value: line 1 column 1 (char 0)
2025-05-01 10:19:39,424 - WARNING - 跳過無效 JSON 行：Expecting value: line 1 column 1 (char 0)
2025-05-01 10:19:39,424 - WARNING - 跳過無效 JSON 行：Expecting value: line 1 column 1 (char 0)
2025-05-01 10:19:39,424 - WARNING - 跳過無效 JSON 行：Expecting value: line 1 column 1 (char 0)
2025-05-01 10:19:39,424 - WARNING - 跳過無效 JSON 行：Expecting value: line 1 column 1 (char 0)
2025-05-01 10:19:39,424 - WARNING - 跳過無效 JSON 行：Expecting value: line 1 column 1 (char 0)
2025-05-01 10:19:39,424 - WARNING - 跳過無效 JSON 行：Expecting value: line 1 column 1 (char 0)
2025-05-01 10:19:39,424 - WARNING - 跳過無效 JSON 行：Expecting value: line 1 column 1 (char 0)
2025-05-01 10:19:39,424 - WARNING - 跳過無效 JSON 行：Expecting value: line 1 column 1 (char 0)
2025-05-01 10:19:39,424 - WARNING - 跳過無效 JSON 行：Expecting value: line 1 column 1 (char 0)
2025-05-01 10:19:39,424 - WARNING - 跳過無效 JSON 行：Expecting value: line 1 column 1 (char 0)
2025-05-01 10:19:39,424 - WARNING - 跳過無效 JSON 行：Expecting value: line 1 column 1 (char 0)
2025-05-01 10:19:39,424 - WARNING - 跳過無效 JSON 行：Expecting value: line 1 column 1 (char 0)
2025-05-01 10:19:39,424 - WARNING - 跳過無效 JSON 行：Expecting value: line 1 column 1 (char 0)
2025-05-01 10:19:39,424 - WARNING - 跳過無效 JSON 行：Expecting value: line 1 column 1 (char 0)
2025-05-01 10:19:39,424 - WARNING - 跳過無效 JSON 行：Expecting value: line 1 column 1 (char 0)
2025-05-01 10:19:39,428 - WARNING - 跳過無效 JSON 行：Expecting value: line 1 column 1 (char 0)
2025-05-01 10:19:39,428 - WARNING - 跳過無效 JSON 行：Expecting value: line 1 column 1 (char 0)
2025-05-01 10:19:39,428 - WARNING - 跳過無效 JSON 行：Expecting value: line 1 column 1 (char 0)
2025-05-01 10:19:39,428 - WARNING - 跳過無效 JSON 行：Expecting value: line 1 column 1 (char 0)
2025-05-01 10:19:39,428 - WARNING - 跳過無效 JSON 行：Expecting value: line 1 column 1 (char 0)
2025-05-01 10:19:39,428 - WARNING - 跳過無效 JSON 行：Expecting value: line 1 column 1 (char 0)
2025-05-01 10:19:39,428 - WARNING - 跳過無效 JSON 行：Expecting value: line 1 column 1 (char 0)
2025-05-01 10:19:39,428 - WARNING - 跳過無效 JSON 行：Expecting value: line 1 column 1 (char 0)
2025-05-01 10:19:39,428 - WARNING - 跳過無效 JSON 行：Expecting value: line 1 column 1 (char 0)
2025-05-01 10:19:39,428 - WARNING - 跳過無效 JSON 行：Expecting value: line 1 column 1 (char 0)
2025-05-01 10:19:39,428 - WARNING - 跳過無效 JSON 行：Expecting value: line 1 column 1 (char 0)
2025-05-01 10:19:39,428 - WARNING - 跳過無效 JSON 行：Expecting value: line 1 column 1 (char 0)
2025-05-01 10:19:39,428 - WARNING - 跳過無效 JSON 行：Expecting value: line 1 column 1 (char 0)
2025-05-01 10:19:39,428 - WARNING - 跳過無效 JSON 行：Expecting value: line 1 column 1 (char 0)
2025-05-01 10:19:39,428 - WARNING - 跳過無效 JSON 行：Expecting value: line 1 column 1 (char 0)
2025-05-01 10:19:39,428 - WARNING - 跳過無效 JSON 行：Expecting value: line 1 column 1 (char 0)
2025-05-01 10:19:39,428 - WARNING - 跳過無效 JSON 行：Expecting value: line 1 column 1 (char 0)
2025-05-01 10:19:39,428 - WARNING - 跳過無效 JSON 行：Expecting value: line 1 column 1 (char 0)
2025-05-01 10:19:39,428 - WARNING - 跳過無效 JSON 行：Expecting value: line 1 column 1 (char 0)
2025-05-01 10:19:39,428 - WARNING - 跳過無效 JSON 行：Expecting value: line 1 column 1 (char 0)
2025-05-01 10:19:39,428 - WARNING - 跳過無效 JSON 行：Expecting value: line 1 column 1 (char 0)
2025-05-01 10:19:39,428 - WARNING - 跳過無效 JSON 行：Expecting value: line 1 column 1 (char 0)
2025-05-01 10:19:39,428 - WARNING - 跳過無效 JSON 行：Expecting value: line 1 column 1 (char 0)
2025-05-01 10:19:39,428 - WARNING - 跳過無效 JSON 行：Expecting value: line 1 column 1 (char 0)
2025-05-01 10:19:39,428 - WARNING - 跳過無效 JSON 行：Expecting value: line 1 column 1 (char 0)
2025-05-01 10:19:39,428 - WARNING - 跳過無效 JSON 行：Expecting value: line 1 column 1 (char 0)
2025-05-01 10:19:39,428 - WARNING - 跳過無效 JSON 行：Expecting value: line 1 column 1 (char 0)
2025-05-01 10:19:39,428 - WARNING - 跳過無效 JSON 行：Expecting value: line 1 column 1 (char 0)
2025-05-01 10:19:39,428 - WARNING - 跳過無效 JSON 行：Expecting value: line 1 column 1 (char 0)
2025-05-01 10:19:39,428 - WARNING - 跳過無效 JSON 行：Expecting value: line 1 column 1 (char 0)
2025-05-01 10:19:39,428 - WARNING - 跳過無效 JSON 行：Expecting value: line 1 column 1 (char 0)
2025-05-01 10:19:39,428 - WARNING - 跳過無效 JSON 行：Expecting value: line 1 column 1 (char 0)
2025-05-01 10:19:39,428 - WARNING - 跳過無效 JSON 行：Expecting value: line 1 column 1 (char 0)
2025-05-01 10:19:39,428 - WARNING - 跳過無效 JSON 行：Expecting value: line 1 column 1 (char 0)
2025-05-01 10:19:39,428 - WARNING - 跳過無效 JSON 行：Expecting value: line 1 column 1 (char 0)
2025-05-01 10:19:39,428 - WARNING - 跳過無效 JSON 行：Expecting value: line 1 column 1 (char 0)
2025-05-01 10:19:39,428 - WARNING - 跳過無效 JSON 行：Expecting value: line 1 column 1 (char 0)
2025-05-01 10:19:39,428 - WARNING - 跳過無效 JSON 行：Expecting value: line 1 column 1 (char 0)
2025-05-01 10:19:39,428 - WARNING - 跳過無效 JSON 行：Expecting value: line 1 column 1 (char 0)
2025-05-01 10:19:39,428 - WARNING - 跳過無效 JSON 行：Expecting value: line 1 column 1 (char 0)
2025-05-01 10:19:39,428 - WARNING - 跳過無效 JSON 行：Expecting value: line 1 column 1 (char 0)
2025-05-01 10:19:39,428 - WARNING - 跳過無效 JSON 行：Expecting value: line 1 column 1 (char 0)
2025-05-01 10:19:39,428 - WARNING - 跳過無效 JSON 行：Expecting value: line 1 column 1 (char 0)
2025-05-01 10:19:39,428 - WARNING - 跳過無效 JSON 行：Expecting value: line 1 column 1 (char 0)
2025-05-01 10:19:39,428 - WARNING - 跳過無效 JSON 行：Expecting value: line 1 column 1 (char 0)
2025-05-01 10:19:39,428 - WARNING - 跳過無效 JSON 行：Expecting value: line 1 column 1 (char 0)
2025-05-01 10:19:39,428 - WARNING - 跳過無效 JSON 行：Expecting value: line 1 column 1 (char 0)
2025-05-01 10:19:39,428 - WARNING - 跳過無效 JSON 行：Expecting value: line 1 column 1 (char 0)
2025-05-01 10:19:39,428 - WARNING - 跳過無效 JSON 行：Expecting value: line 1 column 1 (char 0)
2025-05-01 10:19:39,428 - WARNING - 跳過無效 JSON 行：Expecting value: line 1 column 1 (char 0)
2025-05-01 10:19:39,428 - WARNING - 跳過無效 JSON 行：Expecting value: line 1 column 1 (char 0)
2025-05-01 10:19:39,428 - WARNING - 跳過無效 JSON 行：Expecting value: line 1 column 1 (char 0)
2025-05-01 10:19:39,428 - WARNING - 跳過無效 JSON 行：Expecting value: line 1 column 1 (char 0)
2025-05-01 10:19:39,428 - WARNING - 跳過無效 JSON 行：Expecting value: line 1 column 1 (char 0)
2025-05-01 10:19:39,428 - WARNING - 跳過無效 JSON 行：Expecting value: line 1 column 1 (char 0)
2025-05-01 10:19:39,428 - WARNING - 跳過無效 JSON 行：Expecting value: line 1 column 1 (char 0)
2025-05-01 10:19:39,439 - WARNING - 跳過無效 JSON 行：Expecting value: line 1 column 1 (char 0)
2025-05-01 10:19:39,439 - WARNING - 跳過無效 JSON 行：Expecting value: line 1 column 1 (char 0)
2025-05-01 10:19:39,439 - WARNING - 跳過無效 JSON 行：Expecting value: line 1 column 1 (char 0)
2025-05-01 10:19:39,439 - WARNING - 跳過無效 JSON 行：Expecting value: line 1 column 1 (char 0)
2025-05-01 10:19:39,439 - WARNING - 跳過無效 JSON 行：Expecting value: line 1 column 1 (char 0)
2025-05-01 10:19:39,439 - WARNING - 跳過無效 JSON 行：Expecting value: line 1 column 1 (char 0)
2025-05-01 10:19:39,439 - WARNING - 跳過無效 JSON 行：Expecting value: line 1 column 1 (char 0)
2025-05-01 10:19:39,439 - WARNING - 跳過無效 JSON 行：Expecting value: line 1 column 1 (char 0)
2025-05-01 10:19:39,440 - WARNING - 跳過無效 JSON 行：Expecting value: line 1 column 1 (char 0)
2025-05-01 10:19:39,440 - WARNING - 跳過無效 JSON 行：Expecting value: line 1 column 1 (char 0)
2025-05-01 10:19:39,440 - WARNING - 跳過無效 JSON 行：Expecting value: line 1 column 1 (char 0)
2025-05-01 10:19:39,441 - WARNING - 跳過無效 JSON 行：Expecting value: line 1 column 1 (char 0)
2025-05-01 10:19:39,441 - WARNING - 跳過無效 JSON 行：Expecting value: line 1 column 1 (char 0)
2025-05-01 10:19:39,441 - WARNING - 跳過無效 JSON 行：Expecting value: line 1 column 1 (char 0)
2025-05-01 10:19:39,441 - WARNING - 跳過無效 JSON 行：Expecting value: line 1 column 1 (char 0)
2025-05-01 10:19:39,441 - WARNING - 跳過無效 JSON 行：Expecting value: line 1 column 1 (char 0)
2025-05-01 10:19:39,441 - WARNING - 跳過無效 JSON 行：Expecting value: line 1 column 1 (char 0)
2025-05-01 10:19:39,441 - WARNING - 跳過無效 JSON 行：Expecting value: line 1 column 1 (char 0)
2025-05-01 10:19:39,441 - WARNING - 跳過無效 JSON 行：Expecting value: line 1 column 1 (char 0)
2025-05-01 10:19:39,441 - WARNING - 跳過無效 JSON 行：Expecting value: line 1 column 1 (char 0)
2025-05-01 10:19:39,441 - WARNING - 跳過無效 JSON 行：Expecting value: line 1 column 1 (char 0)
2025-05-01 10:19:39,441 - WARNING - 跳過無效 JSON 行：Expecting value: line 1 column 1 (char 0)
2025-05-01 10:19:39,441 - WARNING - 跳過無效 JSON 行：Expecting value: line 1 column 1 (char 0)
2025-05-01 10:19:39,441 - WARNING - 跳過無效 JSON 行：Expecting value: line 1 column 1 (char 0)
2025-05-01 10:19:39,441 - WARNING - 跳過無效 JSON 行：Expecting value: line 1 column 1 (char 0)
2025-05-01 10:19:39,441 - WARNING - 跳過無效 JSON 行：Expecting value: line 1 column 1 (char 0)
2025-05-01 10:19:39,441 - WARNING - 跳過無效 JSON 行：Expecting value: line 1 column 1 (char 0)
2025-05-01 10:19:39,441 - WARNING - 跳過無效 JSON 行：Expecting value: line 1 column 1 (char 0)
2025-05-01 10:19:39,441 - WARNING - 跳過無效 JSON 行：Expecting value: line 1 column 1 (char 0)
2025-05-01 10:19:39,441 - WARNING - 跳過無效 JSON 行：Expecting value: line 1 column 1 (char 0)
2025-05-01 10:19:39,441 - WARNING - 跳過無效 JSON 行：Expecting value: line 1 column 1 (char 0)
2025-05-01 10:19:39,441 - WARNING - 跳過無效 JSON 行：Expecting value: line 1 column 1 (char 0)
2025-05-01 10:19:39,441 - WARNING - 跳過無效 JSON 行：Expecting value: line 1 column 1 (char 0)
2025-05-01 10:19:39,441 - WARNING - 跳過無效 JSON 行：Expecting value: line 1 column 1 (char 0)
2025-05-01 10:19:39,441 - WARNING - 跳過無效 JSON 行：Expecting value: line 1 column 1 (char 0)
2025-05-01 10:19:39,441 - WARNING - 跳過無效 JSON 行：Expecting value: line 1 column 1 (char 0)
2025-05-01 10:19:39,441 - WARNING - 跳過無效 JSON 行：Expecting value: line 1 column 1 (char 0)
2025-05-01 10:19:39,441 - WARNING - 跳過無效 JSON 行：Expecting value: line 1 column 1 (char 0)
2025-05-01 10:19:39,441 - WARNING - 跳過無效 JSON 行：Expecting value: line 1 column 1 (char 0)
2025-05-01 10:19:39,441 - WARNING - 跳過無效 JSON 行：Expecting value: line 1 column 1 (char 0)
2025-05-01 10:19:39,441 - WARNING - 跳過無效 JSON 行：Expecting value: line 1 column 1 (char 0)
2025-05-01 10:19:39,441 - WARNING - 跳過無效 JSON 行：Expecting value: line 1 column 1 (char 0)
2025-05-01 10:19:39,441 - WARNING - 跳過無效 JSON 行：Expecting value: line 1 column 1 (char 0)
2025-05-01 10:19:39,441 - WARNING - 跳過無效 JSON 行：Expecting value: line 1 column 1 (char 0)
2025-05-01 10:19:39,441 - WARNING - 跳過無效 JSON 行：Expecting value: line 1 column 1 (char 0)
2025-05-01 10:19:39,441 - WARNING - 跳過無效 JSON 行：Expecting value: line 1 column 1 (char 0)
2025-05-01 10:19:39,441 - WARNING - 跳過無效 JSON 行：Expecting value: line 1 column 1 (char 0)
2025-05-01 10:19:39,441 - WARNING - 跳過無效 JSON 行：Expecting value: line 1 column 1 (char 0)
2025-05-01 10:19:39,441 - WARNING - 跳過無效 JSON 行：Expecting value: line 1 column 1 (char 0)
2025-05-01 10:19:39,441 - WARNING - 跳過無效 JSON 行：Expecting value: line 1 column 1 (char 0)
2025-05-01 10:19:39,441 - WARNING - 跳過無效 JSON 行：Expecting value: line 1 column 1 (char 0)
2025-05-01 10:19:39,441 - WARNING - 跳過無效 JSON 行：Expecting value: line 1 column 1 (char 0)
2025-05-01 10:19:39,441 - WARNING - 跳過無效 JSON 行：Expecting value: line 1 column 1 (char 0)
2025-05-01 10:19:39,441 - WARNING - 跳過無效 JSON 行：Expecting value: line 1 column 1 (char 0)
2025-05-01 10:19:39,441 - WARNING - 跳過無效 JSON 行：Expecting value: line 1 column 1 (char 0)
2025-05-01 10:19:39,441 - WARNING - 跳過無效 JSON 行：Expecting value: line 1 column 1 (char 0)
2025-05-01 10:19:39,441 - WARNING - 跳過無效 JSON 行：Expecting value: line 1 column 1 (char 0)
2025-05-01 10:19:39,441 - WARNING - 跳過無效 JSON 行：Expecting value: line 1 column 1 (char 0)
2025-05-01 10:19:39,441 - WARNING - 跳過無效 JSON 行：Expecting value: line 1 column 1 (char 0)
2025-05-01 10:19:39,441 - WARNING - 跳過無效 JSON 行：Expecting value: line 1 column 1 (char 0)
2025-05-01 10:19:39,441 - WARNING - 跳過無效 JSON 行：Expecting value: line 1 column 1 (char 0)
2025-05-01 10:19:39,441 - WARNING - 跳過無效 JSON 行：Expecting value: line 1 column 1 (char 0)
2025-05-01 10:19:39,448 - WARNING - 跳過無效 JSON 行：Expecting value: line 1 column 1 (char 0)
2025-05-01 10:19:39,448 - WARNING - 跳過無效 JSON 行：Expecting value: line 1 column 1 (char 0)
2025-05-01 10:19:39,448 - WARNING - 跳過無效 JSON 行：Expecting value: line 1 column 1 (char 0)
2025-05-01 10:19:39,448 - WARNING - 跳過無效 JSON 行：Expecting value: line 1 column 1 (char 0)
2025-05-01 10:19:39,448 - WARNING - 跳過無效 JSON 行：Expecting value: line 1 column 1 (char 0)
2025-05-01 10:19:39,448 - WARNING - 跳過無效 JSON 行：Expecting value: line 1 column 1 (char 0)
2025-05-01 10:19:39,448 - WARNING - 跳過無效 JSON 行：Expecting value: line 1 column 1 (char 0)
2025-05-01 10:19:39,448 - WARNING - 跳過無效 JSON 行：Expecting value: line 1 column 1 (char 0)
2025-05-01 10:19:39,448 - WARNING - 跳過無效 JSON 行：Expecting value: line 1 column 1 (char 0)
2025-05-01 10:19:39,448 - WARNING - 跳過無效 JSON 行：Expecting value: line 1 column 1 (char 0)
2025-05-01 10:19:39,448 - WARNING - 跳過無效 JSON 行：Expecting value: line 1 column 1 (char 0)
2025-05-01 10:19:39,448 - WARNING - 跳過無效 JSON 行：Expecting value: line 1 column 1 (char 0)
2025-05-01 10:19:39,448 - WARNING - 跳過無效 JSON 行：Expecting value: line 1 column 1 (char 0)
2025-05-01 10:19:39,448 - WARNING - 跳過無效 JSON 行：Expecting value: line 1 column 1 (char 0)
2025-05-01 10:19:39,448 - WARNING - 跳過無效 JSON 行：Expecting value: line 1 column 1 (char 0)
2025-05-01 10:19:39,448 - WARNING - 跳過無效 JSON 行：Expecting value: line 1 column 1 (char 0)
2025-05-01 10:19:39,448 - WARNING - 跳過無效 JSON 行：Expecting value: line 1 column 1 (char 0)
2025-05-01 10:19:39,448 - WARNING - 跳過無效 JSON 行：Expecting value: line 1 column 1 (char 0)
2025-05-01 10:19:39,448 - WARNING - 跳過無效 JSON 行：Expecting value: line 1 column 1 (char 0)
2025-05-01 10:19:39,448 - WARNING - 跳過無效 JSON 行：Expecting value: line 1 column 1 (char 0)
2025-05-01 10:19:39,448 - WARNING - 跳過無效 JSON 行：Expecting value: line 1 column 1 (char 0)
2025-05-01 10:19:39,448 - WARNING - 跳過無效 JSON 行：Expecting value: line 1 column 1 (char 0)
2025-05-01 10:19:39,448 - WARNING - 跳過無效 JSON 行：Expecting value: line 1 column 1 (char 0)
2025-05-01 10:19:39,448 - WARNING - 跳過無效 JSON 行：Expecting value: line 1 column 1 (char 0)
2025-05-01 10:19:39,448 - WARNING - 跳過無效 JSON 行：Expecting value: line 1 column 1 (char 0)
2025-05-01 10:19:39,448 - WARNING - 跳過無效 JSON 行：Expecting value: line 1 column 1 (char 0)
2025-05-01 10:19:39,448 - WARNING - 跳過無效 JSON 行：Expecting value: line 1 column 1 (char 0)
2025-05-01 10:19:39,448 - WARNING - 跳過無效 JSON 行：Expecting value: line 1 column 1 (char 0)
2025-05-01 10:19:39,448 - WARNING - 跳過無效 JSON 行：Expecting value: line 1 column 1 (char 0)
2025-05-01 10:19:39,448 - WARNING - 跳過無效 JSON 行：Expecting value: line 1 column 1 (char 0)
2025-05-01 10:19:39,448 - WARNING - 跳過無效 JSON 行：Expecting value: line 1 column 1 (char 0)
2025-05-01 10:19:39,448 - WARNING - 跳過無效 JSON 行：Expecting value: line 1 column 1 (char 0)
2025-05-01 10:19:39,448 - WARNING - 跳過無效 JSON 行：Expecting value: line 1 column 1 (char 0)
2025-05-01 10:19:39,448 - WARNING - 跳過無效 JSON 行：Expecting value: line 1 column 1 (char 0)
2025-05-01 10:19:39,448 - WARNING - 跳過無效 JSON 行：Expecting value: line 1 column 1 (char 0)
2025-05-01 10:19:39,454 - WARNING - 跳過無效 JSON 行：Expecting value: line 1 column 1 (char 0)
2025-05-01 10:19:39,454 - WARNING - 跳過無效 JSON 行：Expecting value: line 1 column 1 (char 0)
2025-05-01 10:19:39,454 - WARNING - 跳過無效 JSON 行：Expecting value: line 1 column 1 (char 0)
2025-05-01 10:19:39,454 - WARNING - 跳過無效 JSON 行：Expecting value: line 1 column 1 (char 0)
2025-05-01 10:19:39,454 - WARNING - 跳過無效 JSON 行：Expecting value: line 1 column 1 (char 0)
2025-05-01 10:19:39,454 - WARNING - 跳過無效 JSON 行：Expecting value: line 1 column 1 (char 0)
2025-05-01 10:19:39,454 - WARNING - 跳過無效 JSON 行：Expecting value: line 1 column 1 (char 0)
2025-05-01 10:19:39,454 - WARNING - 跳過無效 JSON 行：Expecting value: line 1 column 1 (char 0)
2025-05-01 10:19:39,454 - WARNING - 跳過無效 JSON 行：Expecting value: line 1 column 1 (char 0)
2025-05-01 10:19:39,454 - WARNING - 跳過無效 JSON 行：Expecting value: line 1 column 1 (char 0)
2025-05-01 10:19:39,454 - WARNING - 跳過無效 JSON 行：Expecting value: line 1 column 1 (char 0)
2025-05-01 10:19:39,454 - WARNING - 跳過無效 JSON 行：Expecting value: line 1 column 1 (char 0)
2025-05-01 10:19:39,454 - WARNING - 跳過無效 JSON 行：Expecting value: line 1 column 1 (char 0)
2025-05-01 10:19:39,454 - WARNING - 跳過無效 JSON 行：Expecting value: line 1 column 1 (char 0)
2025-05-01 10:19:39,454 - WARNING - 跳過無效 JSON 行：Expecting value: line 1 column 1 (char 0)
2025-05-01 10:19:39,454 - WARNING - 跳過無效 JSON 行：Expecting value: line 1 column 1 (char 0)
2025-05-01 10:19:39,454 - WARNING - 跳過無效 JSON 行：Expecting value: line 1 column 1 (char 0)
2025-05-01 10:19:39,456 - WARNING - 跳過無效 JSON 行：Expecting value: line 1 column 1 (char 0)
2025-05-01 10:19:39,456 - WARNING - 跳過無效 JSON 行：Expecting value: line 1 column 1 (char 0)
2025-05-01 10:19:39,456 - WARNING - 跳過無效 JSON 行：Expecting value: line 1 column 1 (char 0)
2025-05-01 10:19:39,457 - WARNING - 跳過無效 JSON 行：Expecting value: line 1 column 1 (char 0)
2025-05-01 10:19:39,457 - WARNING - 跳過無效 JSON 行：Expecting value: line 1 column 1 (char 0)
2025-05-01 10:19:39,457 - WARNING - 跳過無效 JSON 行：Expecting value: line 1 column 1 (char 0)
2025-05-01 10:19:39,457 - WARNING - 跳過無效 JSON 行：Expecting value: line 1 column 1 (char 0)
2025-05-01 10:19:39,457 - WARNING - 跳過無效 JSON 行：Expecting value: line 1 column 1 (char 0)
2025-05-01 10:19:39,457 - WARNING - 跳過無效 JSON 行：Expecting value: line 1 column 1 (char 0)
2025-05-01 10:19:39,457 - WARNING - 跳過無效 JSON 行：Expecting value: line 1 column 1 (char 0)
2025-05-01 10:19:39,457 - WARNING - 跳過無效 JSON 行：Expecting value: line 1 column 1 (char 0)
2025-05-01 10:19:39,458 - WARNING - 跳過無效 JSON 行：Expecting value: line 1 column 1 (char 0)
2025-05-01 10:19:39,458 - WARNING - 跳過無效 JSON 行：Expecting value: line 1 column 1 (char 0)
2025-05-01 10:19:39,458 - WARNING - 跳過無效 JSON 行：Expecting value: line 1 column 1 (char 0)
2025-05-01 10:19:39,458 - WARNING - 跳過無效 JSON 行：Expecting value: line 1 column 1 (char 0)
2025-05-01 10:19:39,458 - WARNING - 跳過無效 JSON 行：Expecting value: line 1 column 1 (char 0)
2025-05-01 10:19:39,458 - WARNING - 跳過無效 JSON 行：Expecting value: line 1 column 1 (char 0)
2025-05-01 10:19:39,458 - WARNING - 跳過無效 JSON 行：Expecting value: line 1 column 1 (char 0)
2025-05-01 10:19:39,458 - WARNING - 跳過無效 JSON 行：Expecting value: line 1 column 1 (char 0)
2025-05-01 10:19:39,458 - WARNING - 跳過無效 JSON 行：Expecting value: line 1 column 1 (char 0)
2025-05-01 10:19:39,458 - WARNING - 跳過無效 JSON 行：Expecting value: line 1 column 1 (char 0)
2025-05-01 10:19:39,458 - WARNING - 跳過無效 JSON 行：Expecting value: line 1 column 1 (char 0)
2025-05-01 10:19:39,458 - WARNING - 跳過無效 JSON 行：Expecting value: line 1 column 1 (char 0)
2025-05-01 10:19:39,458 - WARNING - 跳過無效 JSON 行：Expecting value: line 1 column 1 (char 0)
2025-05-01 10:19:39,458 - WARNING - 跳過無效 JSON 行：Expecting value: line 1 column 1 (char 0)
2025-05-01 10:19:39,458 - WARNING - 跳過無效 JSON 行：Expecting value: line 1 column 1 (char 0)
2025-05-01 10:19:39,458 - WARNING - 跳過無效 JSON 行：Expecting value: line 1 column 1 (char 0)
2025-05-01 10:19:39,458 - WARNING - 跳過無效 JSON 行：Expecting value: line 1 column 1 (char 0)
2025-05-01 10:19:39,458 - WARNING - 跳過無效 JSON 行：Expecting value: line 1 column 1 (char 0)
2025-05-01 10:19:39,458 - WARNING - 跳過無效 JSON 行：Expecting value: line 1 column 1 (char 0)
2025-05-01 10:19:39,458 - WARNING - 跳過無效 JSON 行：Expecting value: line 1 column 1 (char 0)
2025-05-01 10:19:39,458 - WARNING - 跳過無效 JSON 行：Expecting value: line 1 column 1 (char 0)
2025-05-01 10:19:39,458 - WARNING - 跳過無效 JSON 行：Expecting value: line 1 column 1 (char 0)
2025-05-01 10:19:39,458 - WARNING - 跳過無效 JSON 行：Expecting value: line 1 column 1 (char 0)
2025-05-01 10:19:39,458 - WARNING - 跳過無效 JSON 行：Expecting value: line 1 column 1 (char 0)
2025-05-01 10:19:39,458 - WARNING - 跳過無效 JSON 行：Expecting value: line 1 column 1 (char 0)
2025-05-01 10:19:39,458 - WARNING - 跳過無效 JSON 行：Expecting value: line 1 column 1 (char 0)
2025-05-01 10:19:39,458 - WARNING - 跳過無效 JSON 行：Expecting value: line 1 column 1 (char 0)
2025-05-01 10:19:39,458 - WARNING - 跳過無效 JSON 行：Expecting value: line 1 column 1 (char 0)
2025-05-01 10:19:39,458 - WARNING - 跳過無效 JSON 行：Expecting value: line 1 column 1 (char 0)
2025-05-01 10:19:39,458 - WARNING - 跳過無效 JSON 行：Expecting value: line 1 column 1 (char 0)
2025-05-01 10:19:39,458 - WARNING - 跳過無效 JSON 行：Expecting value: line 1 column 1 (char 0)
2025-05-01 10:19:39,458 - WARNING - 跳過無效 JSON 行：Expecting value: line 1 column 1 (char 0)
2025-05-01 10:19:39,458 - WARNING - 跳過無效 JSON 行：Expecting value: line 1 column 1 (char 0)
2025-05-01 10:19:39,458 - WARNING - 跳過無效 JSON 行：Expecting value: line 1 column 1 (char 0)
2025-05-01 10:19:39,458 - WARNING - 跳過無效 JSON 行：Expecting value: line 1 column 1 (char 0)
2025-05-01 10:19:39,458 - WARNING - 跳過無效 JSON 行：Expecting value: line 1 column 1 (char 0)
2025-05-01 10:19:39,458 - WARNING - 跳過無效 JSON 行：Expecting value: line 1 column 1 (char 0)
2025-05-01 10:19:39,464 - WARNING - 跳過無效 JSON 行：Expecting value: line 1 column 1 (char 0)
2025-05-01 10:19:39,464 - WARNING - 跳過無效 JSON 行：Expecting value: line 1 column 1 (char 0)
2025-05-01 10:19:39,464 - WARNING - 跳過無效 JSON 行：Expecting value: line 1 column 1 (char 0)
2025-05-01 10:19:39,464 - WARNING - 跳過無效 JSON 行：Expecting value: line 1 column 1 (char 0)
2025-05-01 10:19:39,464 - WARNING - 跳過無效 JSON 行：Expecting value: line 1 column 1 (char 0)
2025-05-01 10:19:39,464 - WARNING - 跳過無效 JSON 行：Expecting value: line 1 column 1 (char 0)
2025-05-01 10:19:39,464 - WARNING - 跳過無效 JSON 行：Expecting value: line 1 column 1 (char 0)
2025-05-01 10:19:39,464 - WARNING - 跳過無效 JSON 行：Expecting value: line 1 column 1 (char 0)
2025-05-01 10:19:39,464 - WARNING - 跳過無效 JSON 行：Expecting value: line 1 column 1 (char 0)
2025-05-01 10:19:39,464 - WARNING - 跳過無效 JSON 行：Expecting value: line 1 column 1 (char 0)
2025-05-01 10:19:39,464 - WARNING - 跳過無效 JSON 行：Expecting value: line 1 column 1 (char 0)
2025-05-01 10:19:39,464 - WARNING - 跳過無效 JSON 行：Expecting value: line 1 column 1 (char 0)
2025-05-01 10:19:39,464 - WARNING - 跳過無效 JSON 行：Expecting value: line 1 column 1 (char 0)
2025-05-01 10:19:39,464 - WARNING - 跳過無效 JSON 行：Expecting value: line 1 column 1 (char 0)
2025-05-01 10:19:39,464 - WARNING - 跳過無效 JSON 行：Expecting value: line 1 column 1 (char 0)
2025-05-01 10:19:39,464 - WARNING - 跳過無效 JSON 行：Expecting value: line 1 column 1 (char 0)
2025-05-01 10:19:39,464 - WARNING - 跳過無效 JSON 行：Expecting value: line 1 column 1 (char 0)
2025-05-01 10:19:39,464 - WARNING - 跳過無效 JSON 行：Expecting value: line 1 column 1 (char 0)
2025-05-01 10:19:39,464 - WARNING - 跳過無效 JSON 行：Expecting value: line 1 column 1 (char 0)
2025-05-01 10:19:39,464 - WARNING - 跳過無效 JSON 行：Expecting value: line 1 column 1 (char 0)
2025-05-01 10:19:39,464 - WARNING - 跳過無效 JSON 行：Expecting value: line 1 column 1 (char 0)
2025-05-01 10:19:39,464 - WARNING - 跳過無效 JSON 行：Expecting value: line 1 column 1 (char 0)
2025-05-01 10:19:39,464 - WARNING - 跳過無效 JSON 行：Expecting value: line 1 column 1 (char 0)
2025-05-01 10:19:39,464 - WARNING - 跳過無效 JSON 行：Expecting value: line 1 column 1 (char 0)
2025-05-01 10:19:39,464 - WARNING - 跳過無效 JSON 行：Expecting value: line 1 column 1 (char 0)
2025-05-01 10:19:39,464 - WARNING - 跳過無效 JSON 行：Expecting value: line 1 column 1 (char 0)
2025-05-01 10:19:39,464 - WARNING - 跳過無效 JSON 行：Expecting value: line 1 column 1 (char 0)
2025-05-01 10:19:39,468 - WARNING - 跳過無效 JSON 行：Expecting value: line 1 column 1 (char 0)
2025-05-01 10:19:39,468 - WARNING - 跳過無效 JSON 行：Expecting value: line 1 column 1 (char 0)
2025-05-01 10:19:39,468 - WARNING - 跳過無效 JSON 行：Expecting value: line 1 column 1 (char 0)
2025-05-01 10:19:39,468 - WARNING - 跳過無效 JSON 行：Expecting value: line 1 column 1 (char 0)
2025-05-01 10:19:39,468 - WARNING - 跳過無效 JSON 行：Expecting value: line 1 column 1 (char 0)
2025-05-01 10:19:39,468 - WARNING - 跳過無效 JSON 行：Expecting value: line 1 column 1 (char 0)
2025-05-01 10:19:39,468 - WARNING - 跳過無效 JSON 行：Expecting value: line 1 column 1 (char 0)
2025-05-01 10:19:39,468 - WARNING - 跳過無效 JSON 行：Expecting value: line 1 column 1 (char 0)
2025-05-01 10:19:39,468 - WARNING - 跳過無效 JSON 行：Expecting value: line 1 column 1 (char 0)
2025-05-01 10:19:39,468 - WARNING - 跳過無效 JSON 行：Expecting value: line 1 column 1 (char 0)
2025-05-01 10:19:39,468 - WARNING - 跳過無效 JSON 行：Expecting value: line 1 column 1 (char 0)
2025-05-01 10:19:39,468 - WARNING - 跳過無效 JSON 行：Expecting value: line 1 column 1 (char 0)
2025-05-01 10:19:39,468 - WARNING - 跳過無效 JSON 行：Expecting value: line 1 column 1 (char 0)
2025-05-01 10:19:39,468 - WARNING - 跳過無效 JSON 行：Expecting value: line 1 column 1 (char 0)
2025-05-01 10:19:39,468 - WARNING - 跳過無效 JSON 行：Expecting value: line 1 column 1 (char 0)
2025-05-01 10:19:39,468 - WARNING - 跳過無效 JSON 行：Expecting value: line 1 column 1 (char 0)
2025-05-01 10:19:39,468 - WARNING - 跳過無效 JSON 行：Expecting value: line 1 column 1 (char 0)
2025-05-01 10:19:39,468 - WARNING - 跳過無效 JSON 行：Expecting value: line 1 column 1 (char 0)
2025-05-01 10:19:39,468 - WARNING - 跳過無效 JSON 行：Expecting value: line 1 column 1 (char 0)
2025-05-01 10:19:39,468 - WARNING - 跳過無效 JSON 行：Expecting value: line 1 column 1 (char 0)
2025-05-01 10:19:39,468 - WARNING - 跳過無效 JSON 行：Expecting value: line 1 column 1 (char 0)
2025-05-01 10:19:39,468 - WARNING - 跳過無效 JSON 行：Expecting value: line 1 column 1 (char 0)
2025-05-01 10:19:39,468 - WARNING - 跳過無效 JSON 行：Expecting value: line 1 column 1 (char 0)
2025-05-01 10:19:39,468 - WARNING - 跳過無效 JSON 行：Expecting value: line 1 column 1 (char 0)
2025-05-01 10:19:39,468 - WARNING - 跳過無效 JSON 行：Expecting value: line 1 column 1 (char 0)
2025-05-01 10:19:39,468 - WARNING - 跳過無效 JSON 行：Expecting value: line 1 column 1 (char 0)
2025-05-01 10:19:39,468 - WARNING - 跳過無效 JSON 行：Expecting value: line 1 column 1 (char 0)
2025-05-01 10:19:39,468 - WARNING - 跳過無效 JSON 行：Expecting value: line 1 column 1 (char 0)
2025-05-01 10:19:39,473 - WARNING - 跳過無效 JSON 行：Expecting value: line 1 column 1 (char 0)
2025-05-01 10:19:39,473 - WARNING - 跳過無效 JSON 行：Expecting value: line 1 column 1 (char 0)
2025-05-01 10:19:39,473 - WARNING - 跳過無效 JSON 行：Expecting value: line 1 column 1 (char 0)
2025-05-01 10:19:39,473 - WARNING - 跳過無效 JSON 行：Expecting value: line 1 column 1 (char 0)
2025-05-01 10:19:39,473 - WARNING - 跳過無效 JSON 行：Expecting value: line 1 column 1 (char 0)
2025-05-01 10:19:39,473 - WARNING - 跳過無效 JSON 行：Expecting value: line 1 column 1 (char 0)
2025-05-01 10:19:39,473 - WARNING - 跳過無效 JSON 行：Expecting value: line 1 column 1 (char 0)
2025-05-01 10:19:39,474 - WARNING - 跳過無效 JSON 行：Expecting value: line 1 column 1 (char 0)
2025-05-01 10:19:39,474 - WARNING - 跳過無效 JSON 行：Expecting value: line 1 column 1 (char 0)
2025-05-01 10:19:39,474 - WARNING - 跳過無效 JSON 行：Expecting value: line 1 column 1 (char 0)
2025-05-01 10:19:39,474 - WARNING - 跳過無效 JSON 行：Expecting value: line 1 column 1 (char 0)
2025-05-01 10:19:39,474 - WARNING - 跳過無效 JSON 行：Expecting value: line 1 column 1 (char 0)
2025-05-01 10:19:39,474 - WARNING - 跳過無效 JSON 行：Expecting value: line 1 column 1 (char 0)
2025-05-01 10:19:39,474 - WARNING - 跳過無效 JSON 行：Expecting value: line 1 column 1 (char 0)
2025-05-01 10:19:39,474 - WARNING - 跳過無效 JSON 行：Expecting value: line 1 column 1 (char 0)
2025-05-01 10:19:39,474 - WARNING - 跳過無效 JSON 行：Expecting value: line 1 column 1 (char 0)
2025-05-01 10:19:39,474 - WARNING - 跳過無效 JSON 行：Expecting value: line 1 column 1 (char 0)
2025-05-01 10:19:39,474 - WARNING - 跳過無效 JSON 行：Expecting value: line 1 column 1 (char 0)
2025-05-01 10:19:39,474 - WARNING - 跳過無效 JSON 行：Expecting value: line 1 column 1 (char 0)
2025-05-01 10:19:39,474 - WARNING - 跳過無效 JSON 行：Expecting value: line 1 column 1 (char 0)
2025-05-01 10:19:39,474 - WARNING - 跳過無效 JSON 行：Expecting value: line 1 column 1 (char 0)
2025-05-01 10:19:39,474 - WARNING - 跳過無效 JSON 行：Expecting value: line 1 column 1 (char 0)
2025-05-01 10:19:39,474 - WARNING - 跳過無效 JSON 行：Expecting value: line 1 column 1 (char 0)
2025-05-01 10:19:39,474 - WARNING - 跳過無效 JSON 行：Expecting value: line 1 column 1 (char 0)
2025-05-01 10:19:39,474 - WARNING - 跳過無效 JSON 行：Expecting value: line 1 column 1 (char 0)
2025-05-01 10:19:39,474 - WARNING - 跳過無效 JSON 行：Expecting value: line 1 column 1 (char 0)
2025-05-01 10:19:39,474 - WARNING - 跳過無效 JSON 行：Expecting value: line 1 column 1 (char 0)
2025-05-01 10:19:39,474 - WARNING - 跳過無效 JSON 行：Expecting value: line 1 column 1 (char 0)
2025-05-01 10:19:39,474 - WARNING - 跳過無效 JSON 行：Expecting value: line 1 column 1 (char 0)
2025-05-01 10:19:39,474 - WARNING - 跳過無效 JSON 行：Expecting value: line 1 column 1 (char 0)
2025-05-01 10:19:39,474 - WARNING - 跳過無效 JSON 行：Expecting value: line 1 column 1 (char 0)
2025-05-01 10:19:39,474 - WARNING - 跳過無效 JSON 行：Expecting value: line 1 column 1 (char 0)
2025-05-01 10:19:39,474 - WARNING - 跳過無效 JSON 行：Expecting value: line 1 column 1 (char 0)
2025-05-01 10:19:39,474 - WARNING - 跳過無效 JSON 行：Expecting value: line 1 column 1 (char 0)
2025-05-01 10:19:39,474 - WARNING - 跳過無效 JSON 行：Expecting value: line 1 column 1 (char 0)
2025-05-01 10:19:39,474 - WARNING - 跳過無效 JSON 行：Expecting value: line 1 column 1 (char 0)
2025-05-01 10:19:39,478 - WARNING - 跳過無效 JSON 行：Expecting value: line 1 column 1 (char 0)
2025-05-01 10:19:39,478 - WARNING - 跳過無效 JSON 行：Expecting value: line 1 column 1 (char 0)
2025-05-01 10:19:39,478 - WARNING - 跳過無效 JSON 行：Expecting value: line 1 column 1 (char 0)
2025-05-01 10:19:39,478 - WARNING - 跳過無效 JSON 行：Expecting value: line 1 column 1 (char 0)
2025-05-01 10:19:39,478 - WARNING - 跳過無效 JSON 行：Expecting value: line 1 column 1 (char 0)
2025-05-01 10:19:39,478 - WARNING - 跳過無效 JSON 行：Expecting value: line 1 column 1 (char 0)
2025-05-01 10:19:39,478 - WARNING - 跳過無效 JSON 行：Expecting value: line 1 column 1 (char 0)
2025-05-01 10:19:39,478 - WARNING - 跳過無效 JSON 行：Expecting value: line 1 column 1 (char 0)
2025-05-01 10:19:39,478 - WARNING - 跳過無效 JSON 行：Expecting value: line 1 column 1 (char 0)
2025-05-01 10:19:39,478 - WARNING - 跳過無效 JSON 行：Expecting value: line 1 column 1 (char 0)
2025-05-01 10:19:39,478 - WARNING - 跳過無效 JSON 行：Expecting value: line 1 column 1 (char 0)
2025-05-01 10:19:39,478 - WARNING - 跳過無效 JSON 行：Expecting value: line 1 column 1 (char 0)
2025-05-01 10:19:39,478 - WARNING - 跳過無效 JSON 行：Expecting value: line 1 column 1 (char 0)
2025-05-01 10:19:39,478 - WARNING - 跳過無效 JSON 行：Expecting value: line 1 column 1 (char 0)
2025-05-01 10:19:39,478 - WARNING - 跳過無效 JSON 行：Expecting value: line 1 column 1 (char 0)
2025-05-01 10:19:39,478 - WARNING - 跳過無效 JSON 行：Expecting value: line 1 column 1 (char 0)
2025-05-01 10:19:39,478 - WARNING - 跳過無效 JSON 行：Expecting value: line 1 column 1 (char 0)
2025-05-01 10:19:39,478 - WARNING - 跳過無效 JSON 行：Expecting value: line 1 column 1 (char 0)
2025-05-01 10:19:39,478 - WARNING - 跳過無效 JSON 行：Expecting value: line 1 column 1 (char 0)
2025-05-01 10:19:39,478 - WARNING - 跳過無效 JSON 行：Expecting value: line 1 column 1 (char 0)
2025-05-01 10:19:39,478 - WARNING - 跳過無效 JSON 行：Expecting value: line 1 column 1 (char 0)
2025-05-01 10:19:39,478 - WARNING - 跳過無效 JSON 行：Expecting value: line 1 column 1 (char 0)
2025-05-01 10:19:39,478 - WARNING - 跳過無效 JSON 行：Expecting value: line 1 column 1 (char 0)
2025-05-01 10:19:39,478 - WARNING - 跳過無效 JSON 行：Expecting value: line 1 column 1 (char 0)
2025-05-01 10:19:39,478 - WARNING - 跳過無效 JSON 行：Expecting value: line 1 column 1 (char 0)
2025-05-01 10:19:39,478 - WARNING - 跳過無效 JSON 行：Expecting value: line 1 column 1 (char 0)
2025-05-01 10:19:39,478 - WARNING - 跳過無效 JSON 行：Expecting value: line 1 column 1 (char 0)
2025-05-01 10:19:39,478 - WARNING - 跳過無效 JSON 行：Expecting value: line 1 column 1 (char 0)
2025-05-01 10:19:39,478 - WARNING - 跳過無效 JSON 行：Expecting value: line 1 column 1 (char 0)
2025-05-01 10:19:39,478 - WARNING - 跳過無效 JSON 行：Expecting value: line 1 column 1 (char 0)
2025-05-01 10:19:39,478 - WARNING - 跳過無效 JSON 行：Expecting value: line 1 column 1 (char 0)
2025-05-01 10:19:39,478 - WARNING - 跳過無效 JSON 行：Expecting value: line 1 column 1 (char 0)
2025-05-01 10:19:39,478 - WARNING - 跳過無效 JSON 行：Expecting value: line 1 column 1 (char 0)
2025-05-01 10:19:39,478 - WARNING - 跳過無效 JSON 行：Expecting value: line 1 column 1 (char 0)
2025-05-01 10:19:39,478 - WARNING - 跳過無效 JSON 行：Expecting value: line 1 column 1 (char 0)
2025-05-01 10:19:39,478 - WARNING - 跳過無效 JSON 行：Expecting value: line 1 column 1 (char 0)
2025-05-01 10:19:39,478 - WARNING - 跳過無效 JSON 行：Expecting value: line 1 column 1 (char 0)
2025-05-01 10:19:39,478 - WARNING - 跳過無效 JSON 行：Expecting value: line 1 column 1 (char 0)
2025-05-01 10:19:39,478 - WARNING - 跳過無效 JSON 行：Expecting value: line 1 column 1 (char 0)
2025-05-01 10:19:39,478 - WARNING - 跳過無效 JSON 行：Expecting value: line 1 column 1 (char 0)
2025-05-01 10:19:39,478 - WARNING - 跳過無效 JSON 行：Expecting value: line 1 column 1 (char 0)
2025-05-01 10:19:39,478 - WARNING - 跳過無效 JSON 行：Expecting value: line 1 column 1 (char 0)
2025-05-01 10:19:39,478 - WARNING - 跳過無效 JSON 行：Expecting value: line 1 column 1 (char 0)
2025-05-01 10:19:39,478 - WARNING - 跳過無效 JSON 行：Expecting value: line 1 column 1 (char 0)
2025-05-01 10:19:39,478 - WARNING - 跳過無效 JSON 行：Expecting value: line 1 column 1 (char 0)
2025-05-01 10:19:39,478 - WARNING - 跳過無效 JSON 行：Expecting value: line 1 column 1 (char 0)
2025-05-01 10:19:39,478 - WARNING - 跳過無效 JSON 行：Expecting value: line 1 column 1 (char 0)
2025-05-01 10:19:39,478 - WARNING - 跳過無效 JSON 行：Expecting value: line 1 column 1 (char 0)
2025-05-01 10:19:39,478 - WARNING - 跳過無效 JSON 行：Expecting value: line 1 column 1 (char 0)
2025-05-01 10:19:39,478 - WARNING - 跳過無效 JSON 行：Expecting value: line 1 column 1 (char 0)
2025-05-01 10:19:39,478 - WARNING - 跳過無效 JSON 行：Expecting value: line 1 column 1 (char 0)
2025-05-01 10:19:39,478 - WARNING - 跳過無效 JSON 行：Expecting value: line 1 column 1 (char 0)
2025-05-01 10:19:39,478 - WARNING - 跳過無效 JSON 行：Expecting value: line 1 column 1 (char 0)
2025-05-01 10:19:39,478 - WARNING - 跳過無效 JSON 行：Expecting value: line 1 column 1 (char 0)
2025-05-01 10:19:39,478 - WARNING - 跳過無效 JSON 行：Expecting value: line 1 column 1 (char 0)
2025-05-01 10:19:39,478 - WARNING - 跳過無效 JSON 行：Expecting value: line 1 column 1 (char 0)
2025-05-01 10:19:39,478 - WARNING - 跳過無效 JSON 行：Expecting value: line 1 column 1 (char 0)
2025-05-01 10:19:39,478 - WARNING - 跳過無效 JSON 行：Expecting value: line 1 column 1 (char 0)
2025-05-01 10:19:39,478 - WARNING - 跳過無效 JSON 行：Expecting value: line 1 column 1 (char 0)
2025-05-01 10:19:39,478 - WARNING - 跳過無效 JSON 行：Expecting value: line 1 column 1 (char 0)
2025-05-01 10:19:39,478 - WARNING - 跳過無效 JSON 行：Expecting value: line 1 column 1 (char 0)
2025-05-01 10:19:39,478 - WARNING - 跳過無效 JSON 行：Expecting value: line 1 column 1 (char 0)
2025-05-01 10:19:39,478 - WARNING - 跳過無效 JSON 行：Expecting value: line 1 column 1 (char 0)
2025-05-01 10:19:39,478 - WARNING - 跳過無效 JSON 行：Expecting value: line 1 column 1 (char 0)
2025-05-01 10:19:39,478 - WARNING - 跳過無效 JSON 行：Expecting value: line 1 column 1 (char 0)
2025-05-01 10:19:39,478 - WARNING - 跳過無效 JSON 行：Expecting value: line 1 column 1 (char 0)
2025-05-01 10:19:39,478 - WARNING - 跳過無效 JSON 行：Expecting value: line 1 column 1 (char 0)
2025-05-01 10:19:39,478 - WARNING - 跳過無效 JSON 行：Expecting value: line 1 column 1 (char 0)
2025-05-01 10:19:39,478 - WARNING - 跳過無效 JSON 行：Expecting value: line 1 column 1 (char 0)
2025-05-01 10:19:39,478 - WARNING - 跳過無效 JSON 行：Expecting value: line 1 column 1 (char 0)
2025-05-01 10:19:39,478 - WARNING - 跳過無效 JSON 行：Expecting value: line 1 column 1 (char 0)
2025-05-01 10:19:39,488 - WARNING - 跳過無效 JSON 行：Expecting value: line 1 column 1 (char 0)
2025-05-01 10:19:39,488 - WARNING - 跳過無效 JSON 行：Expecting value: line 1 column 1 (char 0)
2025-05-01 10:19:39,488 - WARNING - 跳過無效 JSON 行：Expecting value: line 1 column 1 (char 0)
2025-05-01 10:19:39,488 - WARNING - 跳過無效 JSON 行：Expecting value: line 1 column 1 (char 0)
2025-05-01 10:19:39,488 - WARNING - 跳過無效 JSON 行：Expecting value: line 1 column 1 (char 0)
2025-05-01 10:19:39,488 - WARNING - 跳過無效 JSON 行：Expecting value: line 1 column 1 (char 0)
2025-05-01 10:19:39,488 - WARNING - 跳過無效 JSON 行：Expecting value: line 1 column 1 (char 0)
2025-05-01 10:19:39,489 - WARNING - 跳過無效 JSON 行：Expecting value: line 1 column 1 (char 0)
2025-05-01 10:19:39,489 - WARNING - 跳過無效 JSON 行：Expecting value: line 1 column 1 (char 0)
2025-05-01 10:19:39,490 - WARNING - 跳過無效 JSON 行：Expecting value: line 1 column 1 (char 0)
2025-05-01 10:19:39,490 - WARNING - 跳過無效 JSON 行：Expecting value: line 1 column 1 (char 0)
2025-05-01 10:19:39,490 - WARNING - 跳過無效 JSON 行：Expecting value: line 1 column 1 (char 0)
2025-05-01 10:19:39,490 - WARNING - 跳過無效 JSON 行：Expecting value: line 1 column 1 (char 0)
2025-05-01 10:19:39,490 - WARNING - 跳過無效 JSON 行：Expecting value: line 1 column 1 (char 0)
2025-05-01 10:19:39,490 - WARNING - 跳過無效 JSON 行：Expecting value: line 1 column 1 (char 0)
2025-05-01 10:19:39,490 - WARNING - 跳過無效 JSON 行：Expecting value: line 1 column 1 (char 0)
2025-05-01 10:19:39,491 - WARNING - 跳過無效 JSON 行：Expecting value: line 1 column 1 (char 0)
2025-05-01 10:19:39,491 - WARNING - 跳過無效 JSON 行：Expecting value: line 1 column 1 (char 0)
2025-05-01 10:19:39,491 - WARNING - 跳過無效 JSON 行：Expecting value: line 1 column 1 (char 0)
2025-05-01 10:19:39,491 - WARNING - 跳過無效 JSON 行：Expecting value: line 1 column 1 (char 0)
2025-05-01 10:19:39,491 - WARNING - 跳過無效 JSON 行：Expecting value: line 1 column 1 (char 0)
2025-05-01 10:19:39,491 - WARNING - 跳過無效 JSON 行：Expecting value: line 1 column 1 (char 0)
2025-05-01 10:19:39,492 - WARNING - 跳過無效 JSON 行：Expecting value: line 1 column 1 (char 0)
2025-05-01 10:19:39,492 - WARNING - 跳過無效 JSON 行：Expecting value: line 1 column 1 (char 0)
2025-05-01 10:19:39,492 - WARNING - 跳過無效 JSON 行：Expecting value: line 1 column 1 (char 0)
2025-05-01 10:19:39,492 - WARNING - 跳過無效 JSON 行：Expecting value: line 1 column 1 (char 0)
2025-05-01 10:19:39,492 - WARNING - 跳過無效 JSON 行：Expecting value: line 1 column 1 (char 0)
2025-05-01 10:19:39,492 - WARNING - 跳過無效 JSON 行：Expecting value: line 1 column 1 (char 0)
2025-05-01 10:19:39,492 - WARNING - 跳過無效 JSON 行：Expecting value: line 1 column 1 (char 0)
2025-05-01 10:19:39,493 - WARNING - 跳過無效 JSON 行：Expecting value: line 1 column 1 (char 0)
2025-05-01 10:19:39,493 - WARNING - 跳過無效 JSON 行：Expecting value: line 1 column 1 (char 0)
2025-05-01 10:19:39,493 - WARNING - 跳過無效 JSON 行：Expecting value: line 1 column 1 (char 0)
2025-05-01 10:19:39,493 - WARNING - 跳過無效 JSON 行：Expecting value: line 1 column 1 (char 0)
2025-05-01 10:19:39,493 - WARNING - 跳過無效 JSON 行：Expecting value: line 1 column 1 (char 0)
2025-05-01 10:19:39,493 - WARNING - 跳過無效 JSON 行：Expecting value: line 1 column 1 (char 0)
2025-05-01 10:19:39,493 - WARNING - 跳過無效 JSON 行：Expecting value: line 1 column 1 (char 0)
2025-05-01 10:19:39,494 - WARNING - 跳過無效 JSON 行：Expecting value: line 1 column 1 (char 0)
2025-05-01 10:19:39,494 - WARNING - 跳過無效 JSON 行：Expecting value: line 1 column 1 (char 0)
2025-05-01 10:19:39,494 - WARNING - 跳過無效 JSON 行：Expecting value: line 1 column 1 (char 0)
2025-05-01 10:19:39,494 - WARNING - 跳過無效 JSON 行：Expecting value: line 1 column 1 (char 0)
2025-05-01 10:19:39,494 - WARNING - 跳過無效 JSON 行：Expecting value: line 1 column 1 (char 0)
2025-05-01 10:19:39,494 - WARNING - 跳過無效 JSON 行：Expecting value: line 1 column 1 (char 0)
2025-05-01 10:19:39,495 - WARNING - 跳過無效 JSON 行：Expecting value: line 1 column 1 (char 0)
2025-05-01 10:19:39,495 - WARNING - 跳過無效 JSON 行：Expecting value: line 1 column 1 (char 0)
2025-05-01 10:19:39,495 - WARNING - 跳過無效 JSON 行：Expecting value: line 1 column 1 (char 0)
2025-05-01 10:19:39,495 - WARNING - 跳過無效 JSON 行：Expecting value: line 1 column 1 (char 0)
2025-05-01 10:19:39,495 - WARNING - 跳過無效 JSON 行：Expecting value: line 1 column 1 (char 0)
2025-05-01 10:19:39,495 - WARNING - 跳過無效 JSON 行：Expecting value: line 1 column 1 (char 0)
2025-05-01 10:19:39,495 - WARNING - 跳過無效 JSON 行：Expecting value: line 1 column 1 (char 0)
2025-05-01 10:19:39,495 - WARNING - 跳過無效 JSON 行：Expecting value: line 1 column 1 (char 0)
2025-05-01 10:19:39,495 - WARNING - 跳過無效 JSON 行：Expecting value: line 1 column 1 (char 0)
2025-05-01 10:19:39,495 - WARNING - 跳過無效 JSON 行：Expecting value: line 1 column 1 (char 0)
2025-05-01 10:19:39,495 - WARNING - 跳過無效 JSON 行：Expecting value: line 1 column 1 (char 0)
2025-05-01 10:19:39,495 - WARNING - 跳過無效 JSON 行：Expecting value: line 1 column 1 (char 0)
2025-05-01 10:19:39,495 - WARNING - 跳過無效 JSON 行：Expecting value: line 1 column 1 (char 0)
2025-05-01 10:19:39,495 - WARNING - 跳過無效 JSON 行：Expecting value: line 1 column 1 (char 0)
2025-05-01 10:19:39,495 - WARNING - 跳過無效 JSON 行：Expecting value: line 1 column 1 (char 0)
2025-05-01 10:19:39,495 - WARNING - 跳過無效 JSON 行：Expecting value: line 1 column 1 (char 0)
2025-05-01 10:19:39,495 - WARNING - 跳過無效 JSON 行：Expecting value: line 1 column 1 (char 0)
2025-05-01 10:19:39,495 - WARNING - 跳過無效 JSON 行：Expecting value: line 1 column 1 (char 0)
2025-05-01 10:19:39,495 - WARNING - 跳過無效 JSON 行：Expecting value: line 1 column 1 (char 0)
2025-05-01 10:19:39,495 - WARNING - 跳過無效 JSON 行：Expecting value: line 1 column 1 (char 0)
2025-05-01 10:19:39,495 - WARNING - 跳過無效 JSON 行：Expecting value: line 1 column 1 (char 0)
2025-05-01 10:19:39,495 - WARNING - 跳過無效 JSON 行：Expecting value: line 1 column 1 (char 0)
2025-05-01 10:19:39,495 - WARNING - 跳過無效 JSON 行：Expecting value: line 1 column 1 (char 0)
2025-05-01 10:19:39,495 - WARNING - 跳過無效 JSON 行：Expecting value: line 1 column 1 (char 0)
2025-05-01 10:19:39,495 - WARNING - 跳過無效 JSON 行：Expecting value: line 1 column 1 (char 0)
2025-05-01 10:19:39,498 - WARNING - 跳過無效 JSON 行：Expecting value: line 1 column 1 (char 0)
2025-05-01 10:19:39,498 - WARNING - 跳過無效 JSON 行：Expecting value: line 1 column 1 (char 0)
2025-05-01 10:19:39,498 - WARNING - 跳過無效 JSON 行：Expecting value: line 1 column 1 (char 0)
2025-05-01 10:19:39,498 - WARNING - 跳過無效 JSON 行：Expecting value: line 1 column 1 (char 0)
2025-05-01 10:19:39,498 - WARNING - 跳過無效 JSON 行：Expecting value: line 1 column 1 (char 0)
2025-05-01 10:19:39,498 - WARNING - 跳過無效 JSON 行：Expecting value: line 1 column 1 (char 0)
2025-05-01 10:19:39,498 - WARNING - 跳過無效 JSON 行：Expecting value: line 1 column 1 (char 0)
2025-05-01 10:19:39,498 - WARNING - 跳過無效 JSON 行：Expecting value: line 1 column 1 (char 0)
2025-05-01 10:19:39,498 - WARNING - 跳過無效 JSON 行：Expecting value: line 1 column 1 (char 0)
2025-05-01 10:19:39,498 - WARNING - 跳過無效 JSON 行：Expecting value: line 1 column 1 (char 0)
2025-05-01 10:19:39,498 - WARNING - 跳過無效 JSON 行：Expecting value: line 1 column 1 (char 0)
2025-05-01 10:19:39,498 - WARNING - 跳過無效 JSON 行：Expecting value: line 1 column 1 (char 0)
2025-05-01 10:19:39,498 - WARNING - 跳過無效 JSON 行：Expecting value: line 1 column 1 (char 0)
2025-05-01 10:19:39,498 - WARNING - 跳過無效 JSON 行：Expecting value: line 1 column 1 (char 0)
2025-05-01 10:19:39,498 - WARNING - 跳過無效 JSON 行：Expecting value: line 1 column 1 (char 0)
2025-05-01 10:19:39,498 - WARNING - 跳過無效 JSON 行：Expecting value: line 1 column 1 (char 0)
2025-05-01 10:19:39,498 - WARNING - 跳過無效 JSON 行：Expecting value: line 1 column 1 (char 0)
2025-05-01 10:19:39,498 - WARNING - 跳過無效 JSON 行：Expecting value: line 1 column 1 (char 0)
2025-05-01 10:19:39,498 - WARNING - 跳過無效 JSON 行：Expecting value: line 1 column 1 (char 0)
2025-05-01 10:19:39,498 - WARNING - 跳過無效 JSON 行：Expecting value: line 1 column 1 (char 0)
2025-05-01 10:19:39,498 - WARNING - 跳過無效 JSON 行：Expecting value: line 1 column 1 (char 0)
2025-05-01 10:19:39,498 - WARNING - 跳過無效 JSON 行：Expecting value: line 1 column 1 (char 0)
2025-05-01 10:19:39,498 - WARNING - 跳過無效 JSON 行：Expecting value: line 1 column 1 (char 0)
2025-05-01 10:19:39,498 - WARNING - 跳過無效 JSON 行：Expecting value: line 1 column 1 (char 0)
2025-05-01 10:19:39,498 - WARNING - 跳過無效 JSON 行：Expecting value: line 1 column 1 (char 0)
2025-05-01 10:19:39,498 - WARNING - 跳過無效 JSON 行：Expecting value: line 1 column 1 (char 0)
2025-05-01 10:19:39,498 - WARNING - 跳過無效 JSON 行：Expecting value: line 1 column 1 (char 0)
2025-05-01 10:19:39,498 - WARNING - 跳過無效 JSON 行：Expecting value: line 1 column 1 (char 0)
2025-05-01 10:19:39,498 - WARNING - 跳過無效 JSON 行：Expecting value: line 1 column 1 (char 0)
2025-05-01 10:19:39,498 - WARNING - 跳過無效 JSON 行：Expecting value: line 1 column 1 (char 0)
2025-05-01 10:19:39,498 - WARNING - 跳過無效 JSON 行：Expecting value: line 1 column 1 (char 0)
2025-05-01 10:19:39,498 - WARNING - 跳過無效 JSON 行：Expecting value: line 1 column 1 (char 0)
2025-05-01 10:19:39,498 - WARNING - 跳過無效 JSON 行：Expecting value: line 1 column 1 (char 0)
2025-05-01 10:19:39,498 - WARNING - 跳過無效 JSON 行：Expecting value: line 1 column 1 (char 0)
2025-05-01 10:19:39,498 - WARNING - 跳過無效 JSON 行：Expecting value: line 1 column 1 (char 0)
2025-05-01 10:19:39,498 - WARNING - 跳過無效 JSON 行：Expecting value: line 1 column 1 (char 0)
2025-05-01 10:19:39,498 - WARNING - 跳過無效 JSON 行：Expecting value: line 1 column 1 (char 0)
2025-05-01 10:19:39,498 - WARNING - 跳過無效 JSON 行：Expecting value: line 1 column 1 (char 0)
2025-05-01 10:19:39,498 - WARNING - 跳過無效 JSON 行：Expecting value: line 1 column 1 (char 0)
2025-05-01 10:19:39,498 - WARNING - 跳過無效 JSON 行：Expecting value: line 1 column 1 (char 0)
2025-05-01 10:19:39,498 - WARNING - 跳過無效 JSON 行：Expecting value: line 1 column 1 (char 0)
2025-05-01 10:19:39,498 - WARNING - 跳過無效 JSON 行：Expecting value: line 1 column 1 (char 0)
2025-05-01 10:19:39,498 - WARNING - 跳過無效 JSON 行：Expecting value: line 1 column 1 (char 0)
2025-05-01 10:19:39,498 - WARNING - 跳過無效 JSON 行：Expecting value: line 1 column 1 (char 0)
2025-05-01 10:19:39,498 - WARNING - 跳過無效 JSON 行：Expecting value: line 1 column 1 (char 0)
2025-05-01 10:19:39,498 - WARNING - 跳過無效 JSON 行：Expecting value: line 1 column 1 (char 0)
2025-05-01 10:19:39,498 - WARNING - 跳過無效 JSON 行：Expecting value: line 1 column 1 (char 0)
2025-05-01 10:19:39,498 - WARNING - 跳過無效 JSON 行：Expecting value: line 1 column 1 (char 0)
2025-05-01 10:19:39,498 - WARNING - 跳過無效 JSON 行：Expecting value: line 1 column 1 (char 0)
2025-05-01 10:19:39,498 - WARNING - 跳過無效 JSON 行：Expecting value: line 1 column 1 (char 0)
2025-05-01 10:19:39,498 - WARNING - 跳過無效 JSON 行：Expecting value: line 1 column 1 (char 0)
2025-05-01 10:19:39,498 - WARNING - 跳過無效 JSON 行：Expecting value: line 1 column 1 (char 0)
2025-05-01 10:19:39,498 - WARNING - 跳過無效 JSON 行：Expecting value: line 1 column 1 (char 0)
2025-05-01 10:19:39,498 - WARNING - 跳過無效 JSON 行：Expecting value: line 1 column 1 (char 0)
2025-05-01 10:19:39,498 - WARNING - 跳過無效 JSON 行：Expecting value: line 1 column 1 (char 0)
2025-05-01 10:19:39,498 - WARNING - 跳過無效 JSON 行：Expecting value: line 1 column 1 (char 0)
2025-05-01 10:19:39,498 - WARNING - 跳過無效 JSON 行：Expecting value: line 1 column 1 (char 0)
2025-05-01 10:19:39,498 - WARNING - 跳過無效 JSON 行：Expecting value: line 1 column 1 (char 0)
2025-05-01 10:19:39,498 - WARNING - 跳過無效 JSON 行：Expecting value: line 1 column 1 (char 0)
2025-05-01 10:19:39,498 - WARNING - 跳過無效 JSON 行：Expecting value: line 1 column 1 (char 0)
2025-05-01 10:19:39,507 - WARNING - 跳過無效 JSON 行：Expecting value: line 1 column 1 (char 0)
2025-05-01 10:19:39,507 - WARNING - 跳過無效 JSON 行：Expecting value: line 1 column 1 (char 0)
2025-05-01 10:19:39,507 - WARNING - 跳過無效 JSON 行：Expecting value: line 1 column 1 (char 0)
2025-05-01 10:19:39,507 - WARNING - 跳過無效 JSON 行：Expecting value: line 1 column 1 (char 0)
2025-05-01 10:19:39,507 - WARNING - 跳過無效 JSON 行：Expecting value: line 1 column 1 (char 0)
2025-05-01 10:19:39,507 - WARNING - 跳過無效 JSON 行：Expecting value: line 1 column 1 (char 0)
2025-05-01 10:19:39,507 - WARNING - 跳過無效 JSON 行：Expecting value: line 1 column 1 (char 0)
2025-05-01 10:19:39,507 - WARNING - 跳過無效 JSON 行：Expecting value: line 1 column 1 (char 0)
2025-05-01 10:19:39,507 - WARNING - 跳過無效 JSON 行：Expecting value: line 1 column 1 (char 0)
2025-05-01 10:19:39,507 - WARNING - 跳過無效 JSON 行：Expecting value: line 1 column 1 (char 0)
2025-05-01 10:19:39,508 - WARNING - 跳過無效 JSON 行：Expecting value: line 1 column 1 (char 0)
2025-05-01 10:19:39,508 - WARNING - 跳過無效 JSON 行：Expecting value: line 1 column 1 (char 0)
2025-05-01 10:19:39,508 - WARNING - 跳過無效 JSON 行：Expecting value: line 1 column 1 (char 0)
2025-05-01 10:19:39,508 - WARNING - 跳過無效 JSON 行：Expecting value: line 1 column 1 (char 0)
2025-05-01 10:19:39,508 - WARNING - 跳過無效 JSON 行：Expecting value: line 1 column 1 (char 0)
2025-05-01 10:19:39,509 - WARNING - 跳過無效 JSON 行：Expecting value: line 1 column 1 (char 0)
2025-05-01 10:19:39,509 - WARNING - 跳過無效 JSON 行：Expecting value: line 1 column 1 (char 0)
2025-05-01 10:19:39,509 - WARNING - 跳過無效 JSON 行：Expecting value: line 1 column 1 (char 0)
2025-05-01 10:19:39,509 - WARNING - 跳過無效 JSON 行：Expecting value: line 1 column 1 (char 0)
2025-05-01 10:19:39,509 - WARNING - 跳過無效 JSON 行：Expecting value: line 1 column 1 (char 0)
2025-05-01 10:19:39,509 - WARNING - 跳過無效 JSON 行：Expecting value: line 1 column 1 (char 0)
2025-05-01 10:19:39,509 - WARNING - 跳過無效 JSON 行：Expecting value: line 1 column 1 (char 0)
2025-05-01 10:19:39,510 - WARNING - 跳過無效 JSON 行：Expecting value: line 1 column 1 (char 0)
2025-05-01 10:19:39,510 - WARNING - 跳過無效 JSON 行：Expecting value: line 1 column 1 (char 0)
2025-05-01 10:19:39,510 - WARNING - 跳過無效 JSON 行：Expecting value: line 1 column 1 (char 0)
2025-05-01 10:19:39,510 - WARNING - 跳過無效 JSON 行：Expecting value: line 1 column 1 (char 0)
2025-05-01 10:19:39,510 - WARNING - 跳過無效 JSON 行：Expecting value: line 1 column 1 (char 0)
2025-05-01 10:19:39,511 - WARNING - 跳過無效 JSON 行：Expecting value: line 1 column 1 (char 0)
2025-05-01 10:19:39,511 - WARNING - 跳過無效 JSON 行：Expecting value: line 1 column 1 (char 0)
2025-05-01 10:19:39,511 - WARNING - 跳過無效 JSON 行：Expecting value: line 1 column 1 (char 0)
2025-05-01 10:19:39,511 - WARNING - 跳過無效 JSON 行：Expecting value: line 1 column 1 (char 0)
2025-05-01 10:19:39,511 - WARNING - 跳過無效 JSON 行：Expecting value: line 1 column 1 (char 0)
2025-05-01 10:19:39,511 - WARNING - 跳過無效 JSON 行：Expecting value: line 1 column 1 (char 0)
2025-05-01 10:19:39,512 - WARNING - 跳過無效 JSON 行：Expecting value: line 1 column 1 (char 0)
2025-05-01 10:19:39,512 - WARNING - 跳過無效 JSON 行：Expecting value: line 1 column 1 (char 0)
2025-05-01 10:19:39,512 - WARNING - 跳過無效 JSON 行：Expecting value: line 1 column 1 (char 0)
2025-05-01 10:19:39,512 - WARNING - 跳過無效 JSON 行：Expecting value: line 1 column 1 (char 0)
2025-05-01 10:19:39,512 - WARNING - 跳過無效 JSON 行：Expecting value: line 1 column 1 (char 0)
2025-05-01 10:19:39,512 - WARNING - 跳過無效 JSON 行：Expecting value: line 1 column 1 (char 0)
2025-05-01 10:19:39,513 - WARNING - 跳過無效 JSON 行：Expecting value: line 1 column 1 (char 0)
2025-05-01 10:19:39,513 - WARNING - 跳過無效 JSON 行：Expecting value: line 1 column 1 (char 0)
2025-05-01 10:19:39,513 - WARNING - 跳過無效 JSON 行：Expecting value: line 1 column 1 (char 0)
2025-05-01 10:19:39,513 - WARNING - 跳過無效 JSON 行：Expecting value: line 1 column 1 (char 0)
2025-05-01 10:19:39,513 - WARNING - 跳過無效 JSON 行：Expecting value: line 1 column 1 (char 0)
2025-05-01 10:19:39,513 - WARNING - 跳過無效 JSON 行：Expecting value: line 1 column 1 (char 0)
2025-05-01 10:19:39,514 - WARNING - 跳過無效 JSON 行：Expecting value: line 1 column 1 (char 0)
2025-05-01 10:19:39,514 - WARNING - 跳過無效 JSON 行：Expecting value: line 1 column 1 (char 0)
2025-05-01 10:19:39,514 - WARNING - 跳過無效 JSON 行：Expecting value: line 1 column 1 (char 0)
2025-05-01 10:19:39,514 - WARNING - 跳過無效 JSON 行：Expecting value: line 1 column 1 (char 0)
2025-05-01 10:19:39,514 - WARNING - 跳過無效 JSON 行：Expecting value: line 1 column 1 (char 0)
2025-05-01 10:19:39,514 - WARNING - 跳過無效 JSON 行：Expecting value: line 1 column 1 (char 0)
2025-05-01 10:19:39,515 - WARNING - 跳過無效 JSON 行：Expecting value: line 1 column 1 (char 0)
2025-05-01 10:19:39,515 - WARNING - 跳過無效 JSON 行：Expecting value: line 1 column 1 (char 0)
2025-05-01 10:19:39,515 - WARNING - 跳過無效 JSON 行：Expecting value: line 1 column 1 (char 0)
2025-05-01 10:19:39,515 - WARNING - 跳過無效 JSON 行：Expecting value: line 1 column 1 (char 0)
2025-05-01 10:19:39,515 - WARNING - 跳過無效 JSON 行：Expecting value: line 1 column 1 (char 0)
2025-05-01 10:19:39,516 - WARNING - 跳過無效 JSON 行：Expecting value: line 1 column 1 (char 0)
2025-05-01 10:19:39,516 - WARNING - 跳過無效 JSON 行：Expecting value: line 1 column 1 (char 0)
2025-05-01 10:19:39,516 - WARNING - 跳過無效 JSON 行：Expecting value: line 1 column 1 (char 0)
2025-05-01 10:19:39,516 - WARNING - 跳過無效 JSON 行：Expecting value: line 1 column 1 (char 0)
2025-05-01 10:19:39,516 - WARNING - 跳過無效 JSON 行：Expecting value: line 1 column 1 (char 0)
2025-05-01 10:19:39,516 - WARNING - 跳過無效 JSON 行：Expecting value: line 1 column 1 (char 0)
2025-05-01 10:19:39,517 - WARNING - 跳過無效 JSON 行：Expecting value: line 1 column 1 (char 0)
2025-05-01 10:19:39,517 - WARNING - 跳過無效 JSON 行：Expecting value: line 1 column 1 (char 0)
2025-05-01 10:19:39,517 - WARNING - 跳過無效 JSON 行：Expecting value: line 1 column 1 (char 0)
2025-05-01 10:19:39,517 - WARNING - 跳過無效 JSON 行：Expecting value: line 1 column 1 (char 0)
2025-05-01 10:19:39,517 - WARNING - 跳過無效 JSON 行：Expecting value: line 1 column 1 (char 0)
2025-05-01 10:19:39,517 - WARNING - 跳過無效 JSON 行：Expecting value: line 1 column 1 (char 0)
2025-05-01 10:19:39,518 - WARNING - 跳過無效 JSON 行：Expecting value: line 1 column 1 (char 0)
2025-05-01 10:19:39,518 - WARNING - 跳過無效 JSON 行：Expecting value: line 1 column 1 (char 0)
2025-05-01 10:19:39,518 - WARNING - 跳過無效 JSON 行：Expecting value: line 1 column 1 (char 0)
2025-05-01 10:19:39,519 - WARNING - 跳過無效 JSON 行：Expecting value: line 1 column 1 (char 0)
2025-05-01 10:19:39,519 - WARNING - 跳過無效 JSON 行：Expecting value: line 1 column 1 (char 0)
2025-05-01 10:19:39,519 - WARNING - 跳過無效 JSON 行：Expecting value: line 1 column 1 (char 0)
2025-05-01 10:19:39,519 - WARNING - 跳過無效 JSON 行：Expecting value: line 1 column 1 (char 0)
2025-05-01 10:19:39,519 - WARNING - 跳過無效 JSON 行：Expecting value: line 1 column 1 (char 0)
2025-05-01 10:19:39,520 - WARNING - 跳過無效 JSON 行：Expecting value: line 1 column 1 (char 0)
2025-05-01 10:19:39,520 - WARNING - 跳過無效 JSON 行：Expecting value: line 1 column 1 (char 0)
2025-05-01 10:19:39,520 - WARNING - 跳過無效 JSON 行：Expecting value: line 1 column 1 (char 0)
2025-05-01 10:19:39,520 - WARNING - 跳過無效 JSON 行：Expecting value: line 1 column 1 (char 0)
2025-05-01 10:19:39,520 - WARNING - 跳過無效 JSON 行：Expecting value: line 1 column 1 (char 0)
2025-05-01 10:19:39,521 - WARNING - 跳過無效 JSON 行：Expecting value: line 1 column 1 (char 0)
2025-05-01 10:19:39,521 - WARNING - 跳過無效 JSON 行：Expecting value: line 1 column 1 (char 0)
2025-05-01 10:19:39,521 - WARNING - 跳過無效 JSON 行：Expecting value: line 1 column 1 (char 0)
2025-05-01 10:19:39,521 - WARNING - 跳過無效 JSON 行：Expecting value: line 1 column 1 (char 0)
2025-05-01 10:19:39,521 - WARNING - 跳過無效 JSON 行：Expecting value: line 1 column 1 (char 0)
2025-05-01 10:19:39,521 - WARNING - 跳過無效 JSON 行：Expecting value: line 1 column 1 (char 0)
2025-05-01 10:19:39,522 - WARNING - 跳過無效 JSON 行：Expecting value: line 1 column 1 (char 0)
2025-05-01 10:19:39,522 - WARNING - 跳過無效 JSON 行：Expecting value: line 1 column 1 (char 0)
2025-05-01 10:19:39,522 - WARNING - 跳過無效 JSON 行：Expecting value: line 1 column 1 (char 0)
2025-05-01 10:19:39,522 - WARNING - 跳過無效 JSON 行：Expecting value: line 1 column 1 (char 0)
2025-05-01 10:19:39,522 - WARNING - 跳過無效 JSON 行：Expecting value: line 1 column 1 (char 0)
2025-05-01 10:19:39,523 - WARNING - 跳過無效 JSON 行：Expecting value: line 1 column 1 (char 0)
2025-05-01 10:19:39,523 - WARNING - 跳過無效 JSON 行：Expecting value: line 1 column 1 (char 0)
2025-05-01 10:19:39,523 - WARNING - 跳過無效 JSON 行：Expecting value: line 1 column 1 (char 0)
2025-05-01 10:19:39,523 - WARNING - 跳過無效 JSON 行：Expecting value: line 1 column 1 (char 0)
2025-05-01 10:19:39,524 - WARNING - 跳過無效 JSON 行：Expecting value: line 1 column 1 (char 0)
2025-05-01 10:19:39,524 - WARNING - 跳過無效 JSON 行：Expecting value: line 1 column 1 (char 0)
2025-05-01 10:19:39,524 - WARNING - 跳過無效 JSON 行：Expecting value: line 1 column 1 (char 0)
2025-05-01 10:19:39,524 - WARNING - 跳過無效 JSON 行：Expecting value: line 1 column 1 (char 0)
2025-05-01 10:19:39,524 - WARNING - 跳過無效 JSON 行：Expecting value: line 1 column 1 (char 0)
2025-05-01 10:19:39,524 - WARNING - 跳過無效 JSON 行：Expecting value: line 1 column 1 (char 0)
2025-05-01 10:19:39,524 - WARNING - 跳過無效 JSON 行：Expecting value: line 1 column 1 (char 0)
2025-05-01 10:19:39,524 - WARNING - 跳過無效 JSON 行：Expecting value: line 1 column 1 (char 0)
2025-05-01 10:19:39,524 - WARNING - 跳過無效 JSON 行：Expecting value: line 1 column 1 (char 0)
2025-05-01 10:19:39,524 - WARNING - 跳過無效 JSON 行：Expecting value: line 1 column 1 (char 0)
2025-05-01 10:19:39,524 - WARNING - 跳過無效 JSON 行：Expecting value: line 1 column 1 (char 0)
2025-05-01 10:19:39,524 - WARNING - 跳過無效 JSON 行：Expecting value: line 1 column 1 (char 0)
2025-05-01 10:19:39,524 - WARNING - 跳過無效 JSON 行：Expecting value: line 1 column 1 (char 0)
2025-05-01 10:19:39,524 - WARNING - 跳過無效 JSON 行：Expecting value: line 1 column 1 (char 0)
2025-05-01 10:19:39,524 - WARNING - 跳過無效 JSON 行：Expecting value: line 1 column 1 (char 0)
2025-05-01 10:19:39,524 - WARNING - 跳過無效 JSON 行：Expecting value: line 1 column 1 (char 0)
2025-05-01 10:19:39,524 - WARNING - 跳過無效 JSON 行：Expecting value: line 1 column 1 (char 0)
2025-05-01 10:19:39,524 - WARNING - 跳過無效 JSON 行：Expecting value: line 1 column 1 (char 0)
2025-05-01 10:19:39,524 - WARNING - 跳過無效 JSON 行：Expecting value: line 1 column 1 (char 0)
2025-05-01 10:19:39,524 - WARNING - 跳過無效 JSON 行：Expecting value: line 1 column 1 (char 0)
2025-05-01 10:19:39,524 - WARNING - 跳過無效 JSON 行：Expecting value: line 1 column 1 (char 0)
2025-05-01 10:19:39,524 - WARNING - 跳過無效 JSON 行：Expecting value: line 1 column 1 (char 0)
2025-05-01 10:19:39,524 - WARNING - 跳過無效 JSON 行：Expecting value: line 1 column 1 (char 0)
2025-05-01 10:19:39,524 - WARNING - 跳過無效 JSON 行：Expecting value: line 1 column 1 (char 0)
2025-05-01 10:19:39,524 - WARNING - 跳過無效 JSON 行：Expecting value: line 1 column 1 (char 0)
2025-05-01 10:19:39,528 - WARNING - 跳過無效 JSON 行：Expecting value: line 1 column 1 (char 0)
2025-05-01 10:19:39,528 - WARNING - 跳過無效 JSON 行：Expecting value: line 1 column 1 (char 0)
2025-05-01 10:19:39,528 - WARNING - 跳過無效 JSON 行：Expecting value: line 1 column 1 (char 0)
2025-05-01 10:19:39,528 - WARNING - 跳過無效 JSON 行：Expecting value: line 1 column 1 (char 0)
2025-05-01 10:19:39,528 - WARNING - 跳過無效 JSON 行：Expecting value: line 1 column 1 (char 0)
2025-05-01 10:19:39,528 - WARNING - 跳過無效 JSON 行：Expecting value: line 1 column 1 (char 0)
2025-05-01 10:19:39,528 - WARNING - 跳過無效 JSON 行：Expecting value: line 1 column 1 (char 0)
2025-05-01 10:19:39,528 - WARNING - 跳過無效 JSON 行：Expecting value: line 1 column 1 (char 0)
2025-05-01 10:19:39,528 - WARNING - 跳過無效 JSON 行：Expecting value: line 1 column 1 (char 0)
2025-05-01 10:19:39,528 - WARNING - 跳過無效 JSON 行：Expecting value: line 1 column 1 (char 0)
2025-05-01 10:19:39,528 - WARNING - 跳過無效 JSON 行：Expecting value: line 1 column 1 (char 0)
2025-05-01 10:19:39,528 - WARNING - 跳過無效 JSON 行：Expecting value: line 1 column 1 (char 0)
2025-05-01 10:19:39,528 - WARNING - 跳過無效 JSON 行：Expecting value: line 1 column 1 (char 0)
2025-05-01 10:19:39,528 - WARNING - 跳過無效 JSON 行：Expecting value: line 1 column 1 (char 0)
2025-05-01 10:19:39,528 - WARNING - 跳過無效 JSON 行：Expecting value: line 1 column 1 (char 0)
2025-05-01 10:19:39,528 - WARNING - 跳過無效 JSON 行：Expecting value: line 1 column 1 (char 0)
2025-05-01 10:19:39,528 - WARNING - 跳過無效 JSON 行：Expecting value: line 1 column 1 (char 0)
2025-05-01 10:19:39,528 - WARNING - 跳過無效 JSON 行：Expecting value: line 1 column 1 (char 0)
2025-05-01 10:19:39,528 - WARNING - 跳過無效 JSON 行：Expecting value: line 1 column 1 (char 0)
2025-05-01 10:19:39,528 - WARNING - 跳過無效 JSON 行：Expecting value: line 1 column 1 (char 0)
2025-05-01 10:19:39,528 - WARNING - 跳過無效 JSON 行：Expecting value: line 1 column 1 (char 0)
2025-05-01 10:19:39,528 - WARNING - 跳過無效 JSON 行：Expecting value: line 1 column 1 (char 0)
2025-05-01 10:19:39,528 - WARNING - 跳過無效 JSON 行：Expecting value: line 1 column 1 (char 0)
2025-05-01 10:19:39,528 - WARNING - 跳過無效 JSON 行：Expecting value: line 1 column 1 (char 0)
2025-05-01 10:19:39,528 - WARNING - 跳過無效 JSON 行：Expecting value: line 1 column 1 (char 0)
2025-05-01 10:19:39,528 - WARNING - 跳過無效 JSON 行：Expecting value: line 1 column 1 (char 0)
2025-05-01 10:19:39,528 - WARNING - 跳過無效 JSON 行：Expecting value: line 1 column 1 (char 0)
2025-05-01 10:19:39,528 - WARNING - 跳過無效 JSON 行：Expecting value: line 1 column 1 (char 0)
2025-05-01 10:19:39,528 - WARNING - 跳過無效 JSON 行：Expecting value: line 1 column 1 (char 0)
2025-05-01 10:19:39,528 - WARNING - 跳過無效 JSON 行：Expecting value: line 1 column 1 (char 0)
2025-05-01 10:19:39,528 - WARNING - 跳過無效 JSON 行：Expecting value: line 1 column 1 (char 0)
2025-05-01 10:19:39,528 - WARNING - 跳過無效 JSON 行：Expecting value: line 1 column 1 (char 0)
2025-05-01 10:19:39,528 - WARNING - 跳過無效 JSON 行：Expecting value: line 1 column 1 (char 0)
2025-05-01 10:19:39,528 - WARNING - 跳過無效 JSON 行：Expecting value: line 1 column 1 (char 0)
2025-05-01 10:19:39,528 - WARNING - 跳過無效 JSON 行：Expecting value: line 1 column 1 (char 0)
2025-05-01 10:19:39,528 - WARNING - 跳過無效 JSON 行：Expecting value: line 1 column 1 (char 0)
2025-05-01 10:19:39,528 - WARNING - 跳過無效 JSON 行：Expecting value: line 1 column 1 (char 0)
2025-05-01 10:19:39,528 - WARNING - 跳過無效 JSON 行：Expecting value: line 1 column 1 (char 0)
2025-05-01 10:19:39,528 - WARNING - 跳過無效 JSON 行：Expecting value: line 1 column 1 (char 0)
2025-05-01 10:19:39,528 - WARNING - 跳過無效 JSON 行：Expecting value: line 1 column 1 (char 0)
2025-05-01 10:19:39,528 - WARNING - 跳過無效 JSON 行：Expecting value: line 1 column 1 (char 0)
2025-05-01 10:19:39,528 - WARNING - 跳過無效 JSON 行：Expecting value: line 1 column 1 (char 0)
2025-05-01 10:19:39,528 - WARNING - 跳過無效 JSON 行：Expecting value: line 1 column 1 (char 0)
2025-05-01 10:19:39,528 - WARNING - 跳過無效 JSON 行：Expecting value: line 1 column 1 (char 0)
2025-05-01 10:19:39,528 - WARNING - 跳過無效 JSON 行：Expecting value: line 1 column 1 (char 0)
2025-05-01 10:19:39,528 - WARNING - 跳過無效 JSON 行：Expecting value: line 1 column 1 (char 0)
2025-05-01 10:19:39,528 - WARNING - 跳過無效 JSON 行：Expecting value: line 1 column 1 (char 0)
2025-05-01 10:19:39,528 - WARNING - 跳過無效 JSON 行：Expecting value: line 1 column 1 (char 0)
2025-05-01 10:19:39,528 - WARNING - 跳過無效 JSON 行：Expecting value: line 1 column 1 (char 0)
2025-05-01 10:19:39,528 - WARNING - 跳過無效 JSON 行：Expecting value: line 1 column 1 (char 0)
2025-05-01 10:19:39,528 - WARNING - 跳過無效 JSON 行：Expecting value: line 1 column 1 (char 0)
2025-05-01 10:19:39,528 - WARNING - 跳過無效 JSON 行：Expecting value: line 1 column 1 (char 0)
2025-05-01 10:19:39,528 - WARNING - 跳過無效 JSON 行：Expecting value: line 1 column 1 (char 0)
2025-05-01 10:19:39,528 - WARNING - 跳過無效 JSON 行：Expecting value: line 1 column 1 (char 0)
2025-05-01 10:19:39,538 - WARNING - 跳過無效 JSON 行：Expecting value: line 1 column 1 (char 0)
2025-05-01 10:19:39,538 - WARNING - 跳過無效 JSON 行：Expecting value: line 1 column 1 (char 0)
2025-05-01 10:19:39,538 - WARNING - 跳過無效 JSON 行：Expecting value: line 1 column 1 (char 0)
2025-05-01 10:19:39,538 - WARNING - 跳過無效 JSON 行：Expecting value: line 1 column 1 (char 0)
2025-05-01 10:19:39,538 - WARNING - 跳過無效 JSON 行：Expecting value: line 1 column 1 (char 0)
2025-05-01 10:19:39,539 - WARNING - 跳過無效 JSON 行：Expecting value: line 1 column 1 (char 0)
2025-05-01 10:19:39,539 - WARNING - 跳過無效 JSON 行：Expecting value: line 1 column 1 (char 0)
2025-05-01 10:19:39,539 - WARNING - 跳過無效 JSON 行：Expecting value: line 1 column 1 (char 0)
2025-05-01 10:19:39,539 - WARNING - 跳過無效 JSON 行：Expecting value: line 1 column 1 (char 0)
2025-05-01 10:19:39,540 - WARNING - 跳過無效 JSON 行：Expecting value: line 1 column 1 (char 0)
2025-05-01 10:19:39,540 - WARNING - 跳過無效 JSON 行：Expecting value: line 1 column 1 (char 0)
2025-05-01 10:19:39,540 - WARNING - 跳過無效 JSON 行：Expecting value: line 1 column 1 (char 0)
2025-05-01 10:19:39,541 - WARNING - 跳過無效 JSON 行：Expecting value: line 1 column 1 (char 0)
2025-05-01 10:19:39,541 - WARNING - 跳過無效 JSON 行：Expecting value: line 1 column 1 (char 0)
2025-05-01 10:19:39,541 - WARNING - 跳過無效 JSON 行：Expecting value: line 1 column 1 (char 0)
2025-05-01 10:19:39,541 - WARNING - 跳過無效 JSON 行：Expecting value: line 1 column 1 (char 0)
2025-05-01 10:19:39,541 - WARNING - 跳過無效 JSON 行：Expecting value: line 1 column 1 (char 0)
2025-05-01 10:19:39,541 - WARNING - 跳過無效 JSON 行：Expecting value: line 1 column 1 (char 0)
2025-05-01 10:19:39,541 - WARNING - 跳過無效 JSON 行：Expecting value: line 1 column 1 (char 0)
2025-05-01 10:19:39,541 - WARNING - 跳過無效 JSON 行：Expecting value: line 1 column 1 (char 0)
2025-05-01 10:19:39,541 - WARNING - 跳過無效 JSON 行：Expecting value: line 1 column 1 (char 0)
2025-05-01 10:19:39,541 - WARNING - 跳過無效 JSON 行：Expecting value: line 1 column 1 (char 0)
2025-05-01 10:19:39,541 - WARNING - 跳過無效 JSON 行：Expecting value: line 1 column 1 (char 0)
2025-05-01 10:19:39,541 - WARNING - 跳過無效 JSON 行：Expecting value: line 1 column 1 (char 0)
2025-05-01 10:19:39,541 - WARNING - 跳過無效 JSON 行：Expecting value: line 1 column 1 (char 0)
2025-05-01 10:19:39,541 - WARNING - 跳過無效 JSON 行：Expecting value: line 1 column 1 (char 0)
2025-05-01 10:19:39,541 - WARNING - 跳過無效 JSON 行：Expecting value: line 1 column 1 (char 0)
2025-05-01 10:19:39,541 - WARNING - 跳過無效 JSON 行：Expecting value: line 1 column 1 (char 0)
2025-05-01 10:19:39,541 - WARNING - 跳過無效 JSON 行：Expecting value: line 1 column 1 (char 0)
2025-05-01 10:19:39,541 - WARNING - 跳過無效 JSON 行：Expecting value: line 1 column 1 (char 0)
2025-05-01 10:19:39,541 - WARNING - 跳過無效 JSON 行：Expecting value: line 1 column 1 (char 0)
2025-05-01 10:19:39,541 - WARNING - 跳過無效 JSON 行：Expecting value: line 1 column 1 (char 0)
2025-05-01 10:19:39,541 - WARNING - 跳過無效 JSON 行：Expecting value: line 1 column 1 (char 0)
2025-05-01 10:19:39,541 - WARNING - 跳過無效 JSON 行：Expecting value: line 1 column 1 (char 0)
2025-05-01 10:19:39,541 - WARNING - 跳過無效 JSON 行：Expecting value: line 1 column 1 (char 0)
2025-05-01 10:19:39,541 - WARNING - 跳過無效 JSON 行：Expecting value: line 1 column 1 (char 0)
2025-05-01 10:19:39,541 - WARNING - 跳過無效 JSON 行：Expecting value: line 1 column 1 (char 0)
2025-05-01 10:19:39,541 - WARNING - 跳過無效 JSON 行：Expecting value: line 1 column 1 (char 0)
2025-05-01 10:19:39,541 - WARNING - 跳過無效 JSON 行：Expecting value: line 1 column 1 (char 0)
2025-05-01 10:19:39,541 - WARNING - 跳過無效 JSON 行：Expecting value: line 1 column 1 (char 0)
2025-05-01 10:19:39,541 - WARNING - 跳過無效 JSON 行：Expecting value: line 1 column 1 (char 0)
2025-05-01 10:19:39,541 - WARNING - 跳過無效 JSON 行：Expecting value: line 1 column 1 (char 0)
2025-05-01 10:19:39,541 - WARNING - 跳過無效 JSON 行：Expecting value: line 1 column 1 (char 0)
2025-05-01 10:19:39,541 - WARNING - 跳過無效 JSON 行：Expecting value: line 1 column 1 (char 0)
2025-05-01 10:19:39,541 - WARNING - 跳過無效 JSON 行：Expecting value: line 1 column 1 (char 0)
2025-05-01 10:19:39,541 - WARNING - 跳過無效 JSON 行：Expecting value: line 1 column 1 (char 0)
2025-05-01 10:19:39,541 - WARNING - 跳過無效 JSON 行：Expecting value: line 1 column 1 (char 0)
2025-05-01 10:19:39,541 - WARNING - 跳過無效 JSON 行：Expecting value: line 1 column 1 (char 0)
2025-05-01 10:19:39,541 - WARNING - 跳過無效 JSON 行：Expecting value: line 1 column 1 (char 0)
2025-05-01 10:19:39,541 - WARNING - 跳過無效 JSON 行：Expecting value: line 1 column 1 (char 0)
2025-05-01 10:19:39,541 - WARNING - 跳過無效 JSON 行：Expecting value: line 1 column 1 (char 0)
2025-05-01 10:19:39,541 - WARNING - 跳過無效 JSON 行：Expecting value: line 1 column 1 (char 0)
2025-05-01 10:19:39,548 - WARNING - 跳過無效 JSON 行：Expecting value: line 1 column 1 (char 0)
2025-05-01 10:19:39,548 - WARNING - 跳過無效 JSON 行：Expecting value: line 1 column 1 (char 0)
2025-05-01 10:19:39,548 - WARNING - 跳過無效 JSON 行：Expecting value: line 1 column 1 (char 0)
2025-05-01 10:19:39,548 - WARNING - 跳過無效 JSON 行：Expecting value: line 1 column 1 (char 0)
2025-05-01 10:19:39,548 - WARNING - 跳過無效 JSON 行：Expecting value: line 1 column 1 (char 0)
2025-05-01 10:19:39,548 - WARNING - 跳過無效 JSON 行：Expecting value: line 1 column 1 (char 0)
2025-05-01 10:19:39,548 - WARNING - 跳過無效 JSON 行：Expecting value: line 1 column 1 (char 0)
2025-05-01 10:19:39,548 - WARNING - 跳過無效 JSON 行：Expecting value: line 1 column 1 (char 0)
2025-05-01 10:19:39,548 - WARNING - 跳過無效 JSON 行：Expecting value: line 1 column 1 (char 0)
2025-05-01 10:19:39,548 - WARNING - 跳過無效 JSON 行：Expecting value: line 1 column 1 (char 0)
2025-05-01 10:19:39,548 - WARNING - 跳過無效 JSON 行：Expecting value: line 1 column 1 (char 0)
2025-05-01 10:19:39,548 - WARNING - 跳過無效 JSON 行：Expecting value: line 1 column 1 (char 0)
2025-05-01 10:19:39,548 - WARNING - 跳過無效 JSON 行：Expecting value: line 1 column 1 (char 0)
2025-05-01 10:19:39,548 - WARNING - 跳過無效 JSON 行：Expecting value: line 1 column 1 (char 0)
2025-05-01 10:19:39,548 - WARNING - 跳過無效 JSON 行：Expecting value: line 1 column 1 (char 0)
2025-05-01 10:19:39,548 - WARNING - 跳過無效 JSON 行：Expecting value: line 1 column 1 (char 0)
2025-05-01 10:19:39,548 - WARNING - 跳過無效 JSON 行：Expecting value: line 1 column 1 (char 0)
2025-05-01 10:19:39,548 - WARNING - 跳過無效 JSON 行：Expecting value: line 1 column 1 (char 0)
2025-05-01 10:19:39,548 - WARNING - 跳過無效 JSON 行：Expecting value: line 1 column 1 (char 0)
2025-05-01 10:19:39,548 - WARNING - 跳過無效 JSON 行：Expecting value: line 1 column 1 (char 0)
2025-05-01 10:19:39,548 - WARNING - 跳過無效 JSON 行：Expecting value: line 1 column 1 (char 0)
2025-05-01 10:19:39,548 - WARNING - 跳過無效 JSON 行：Expecting value: line 1 column 1 (char 0)
2025-05-01 10:19:39,548 - WARNING - 跳過無效 JSON 行：Expecting value: line 1 column 1 (char 0)
2025-05-01 10:19:39,548 - WARNING - 跳過無效 JSON 行：Expecting value: line 1 column 1 (char 0)
2025-05-01 10:19:39,548 - WARNING - 跳過無效 JSON 行：Expecting value: line 1 column 1 (char 0)
2025-05-01 10:19:39,548 - WARNING - 跳過無效 JSON 行：Expecting value: line 1 column 1 (char 0)
2025-05-01 10:19:39,548 - WARNING - 跳過無效 JSON 行：Expecting value: line 1 column 1 (char 0)
2025-05-01 10:19:39,548 - WARNING - 跳過無效 JSON 行：Expecting value: line 1 column 1 (char 0)
2025-05-01 10:19:39,548 - WARNING - 跳過無效 JSON 行：Expecting value: line 1 column 1 (char 0)
2025-05-01 10:19:39,548 - WARNING - 跳過無效 JSON 行：Expecting value: line 1 column 1 (char 0)
2025-05-01 10:19:39,548 - WARNING - 跳過無效 JSON 行：Expecting value: line 1 column 1 (char 0)
2025-05-01 10:19:39,548 - WARNING - 跳過無效 JSON 行：Expecting value: line 1 column 1 (char 0)
2025-05-01 10:19:39,548 - WARNING - 跳過無效 JSON 行：Expecting value: line 1 column 1 (char 0)
2025-05-01 10:19:39,553 - WARNING - 跳過無效 JSON 行：Expecting value: line 1 column 1 (char 0)
2025-05-01 10:19:39,553 - WARNING - 跳過無效 JSON 行：Expecting value: line 1 column 1 (char 0)
2025-05-01 10:19:39,553 - WARNING - 跳過無效 JSON 行：Expecting value: line 1 column 1 (char 0)
2025-05-01 10:19:39,553 - WARNING - 跳過無效 JSON 行：Expecting value: line 1 column 1 (char 0)
2025-05-01 10:19:39,553 - WARNING - 跳過無效 JSON 行：Expecting value: line 1 column 1 (char 0)
2025-05-01 10:19:39,553 - WARNING - 跳過無效 JSON 行：Expecting value: line 1 column 1 (char 0)
2025-05-01 10:19:39,553 - WARNING - 跳過無效 JSON 行：Expecting value: line 1 column 1 (char 0)
2025-05-01 10:19:39,553 - WARNING - 跳過無效 JSON 行：Expecting value: line 1 column 1 (char 0)
2025-05-01 10:19:39,553 - WARNING - 跳過無效 JSON 行：Expecting value: line 1 column 1 (char 0)
2025-05-01 10:19:39,553 - WARNING - 跳過無效 JSON 行：Expecting value: line 1 column 1 (char 0)
2025-05-01 10:19:39,553 - WARNING - 跳過無效 JSON 行：Expecting value: line 1 column 1 (char 0)
2025-05-01 10:19:39,553 - WARNING - 跳過無效 JSON 行：Expecting value: line 1 column 1 (char 0)
2025-05-01 10:19:39,553 - WARNING - 跳過無效 JSON 行：Expecting value: line 1 column 1 (char 0)
2025-05-01 10:19:39,553 - WARNING - 跳過無效 JSON 行：Expecting value: line 1 column 1 (char 0)
2025-05-01 10:19:39,553 - WARNING - 跳過無效 JSON 行：Expecting value: line 1 column 1 (char 0)
2025-05-01 10:19:39,553 - WARNING - 跳過無效 JSON 行：Expecting value: line 1 column 1 (char 0)
2025-05-01 10:19:39,553 - WARNING - 跳過無效 JSON 行：Expecting value: line 1 column 1 (char 0)
2025-05-01 10:19:39,553 - WARNING - 跳過無效 JSON 行：Expecting value: line 1 column 1 (char 0)
2025-05-01 10:19:39,556 - WARNING - 跳過無效 JSON 行：Expecting value: line 1 column 1 (char 0)
2025-05-01 10:19:39,556 - WARNING - 跳過無效 JSON 行：Expecting value: line 1 column 1 (char 0)
2025-05-01 10:19:39,556 - WARNING - 跳過無效 JSON 行：Expecting value: line 1 column 1 (char 0)
2025-05-01 10:19:39,556 - WARNING - 跳過無效 JSON 行：Expecting value: line 1 column 1 (char 0)
2025-05-01 10:19:39,556 - WARNING - 跳過無效 JSON 行：Expecting value: line 1 column 1 (char 0)
2025-05-01 10:19:39,557 - WARNING - 跳過無效 JSON 行：Expecting value: line 1 column 1 (char 0)
2025-05-01 10:19:39,557 - WARNING - 跳過無效 JSON 行：Expecting value: line 1 column 1 (char 0)
2025-05-01 10:19:39,557 - WARNING - 跳過無效 JSON 行：Expecting value: line 1 column 1 (char 0)
2025-05-01 10:19:39,557 - WARNING - 跳過無效 JSON 行：Expecting value: line 1 column 1 (char 0)
2025-05-01 10:19:39,557 - WARNING - 跳過無效 JSON 行：Expecting value: line 1 column 1 (char 0)
2025-05-01 10:19:39,557 - WARNING - 跳過無效 JSON 行：Expecting value: line 1 column 1 (char 0)
2025-05-01 10:19:39,557 - WARNING - 跳過無效 JSON 行：Expecting value: line 1 column 1 (char 0)
2025-05-01 10:19:39,557 - WARNING - 跳過無效 JSON 行：Expecting value: line 1 column 1 (char 0)
2025-05-01 10:19:39,557 - WARNING - 跳過無效 JSON 行：Expecting value: line 1 column 1 (char 0)
2025-05-01 10:19:39,558 - WARNING - 跳過無效 JSON 行：Expecting value: line 1 column 1 (char 0)
2025-05-01 10:19:39,558 - WARNING - 跳過無效 JSON 行：Expecting value: line 1 column 1 (char 0)
2025-05-01 10:19:39,558 - WARNING - 跳過無效 JSON 行：Expecting value: line 1 column 1 (char 0)
2025-05-01 10:19:39,558 - WARNING - 跳過無效 JSON 行：Expecting value: line 1 column 1 (char 0)
2025-05-01 10:19:39,558 - WARNING - 跳過無效 JSON 行：Expecting value: line 1 column 1 (char 0)
2025-05-01 10:19:39,558 - WARNING - 跳過無效 JSON 行：Expecting value: line 1 column 1 (char 0)
2025-05-01 10:19:39,558 - WARNING - 跳過無效 JSON 行：Expecting value: line 1 column 1 (char 0)
2025-05-01 10:19:39,558 - WARNING - 跳過無效 JSON 行：Expecting value: line 1 column 1 (char 0)
2025-05-01 10:19:39,558 - WARNING - 跳過無效 JSON 行：Expecting value: line 1 column 1 (char 0)
2025-05-01 10:19:39,558 - WARNING - 跳過無效 JSON 行：Expecting value: line 1 column 1 (char 0)
2025-05-01 10:19:39,558 - WARNING - 跳過無效 JSON 行：Expecting value: line 1 column 1 (char 0)
2025-05-01 10:19:39,558 - WARNING - 跳過無效 JSON 行：Expecting value: line 1 column 1 (char 0)
2025-05-01 10:19:39,558 - WARNING - 跳過無效 JSON 行：Expecting value: line 1 column 1 (char 0)
2025-05-01 10:19:39,558 - WARNING - 跳過無效 JSON 行：Expecting value: line 1 column 1 (char 0)
2025-05-01 10:19:39,558 - WARNING - 跳過無效 JSON 行：Expecting value: line 1 column 1 (char 0)
2025-05-01 10:19:39,558 - WARNING - 跳過無效 JSON 行：Expecting value: line 1 column 1 (char 0)
2025-05-01 10:19:39,558 - WARNING - 跳過無效 JSON 行：Expecting value: line 1 column 1 (char 0)
2025-05-01 10:19:39,558 - WARNING - 跳過無效 JSON 行：Expecting value: line 1 column 1 (char 0)
2025-05-01 10:19:39,558 - WARNING - 跳過無效 JSON 行：Expecting value: line 1 column 1 (char 0)
2025-05-01 10:19:39,558 - WARNING - 跳過無效 JSON 行：Expecting value: line 1 column 1 (char 0)
2025-05-01 10:19:39,558 - WARNING - 跳過無效 JSON 行：Expecting value: line 1 column 1 (char 0)
2025-05-01 10:19:39,558 - WARNING - 跳過無效 JSON 行：Expecting value: line 1 column 1 (char 0)
2025-05-01 10:19:39,558 - WARNING - 跳過無效 JSON 行：Expecting value: line 1 column 1 (char 0)
2025-05-01 10:19:39,558 - WARNING - 跳過無效 JSON 行：Expecting value: line 1 column 1 (char 0)
2025-05-01 10:19:39,558 - WARNING - 跳過無效 JSON 行：Expecting value: line 1 column 1 (char 0)
2025-05-01 10:19:39,558 - WARNING - 跳過無效 JSON 行：Expecting value: line 1 column 1 (char 0)
2025-05-01 10:19:39,558 - WARNING - 跳過無效 JSON 行：Expecting value: line 1 column 1 (char 0)
2025-05-01 10:19:39,558 - WARNING - 跳過無效 JSON 行：Expecting value: line 1 column 1 (char 0)
2025-05-01 10:19:39,558 - WARNING - 跳過無效 JSON 行：Expecting value: line 1 column 1 (char 0)
2025-05-01 10:19:39,558 - WARNING - 跳過無效 JSON 行：Expecting value: line 1 column 1 (char 0)
2025-05-01 10:19:39,558 - WARNING - 跳過無效 JSON 行：Expecting value: line 1 column 1 (char 0)
2025-05-01 10:19:39,558 - WARNING - 跳過無效 JSON 行：Expecting value: line 1 column 1 (char 0)
2025-05-01 10:19:39,558 - WARNING - 跳過無效 JSON 行：Expecting value: line 1 column 1 (char 0)
2025-05-01 10:19:39,558 - WARNING - 跳過無效 JSON 行：Expecting value: line 1 column 1 (char 0)
2025-05-01 10:19:39,558 - WARNING - 跳過無效 JSON 行：Expecting value: line 1 column 1 (char 0)
2025-05-01 10:19:39,558 - WARNING - 跳過無效 JSON 行：Expecting value: line 1 column 1 (char 0)
2025-05-01 10:19:39,558 - WARNING - 跳過無效 JSON 行：Expecting value: line 1 column 1 (char 0)
2025-05-01 10:19:39,558 - WARNING - 跳過無效 JSON 行：Expecting value: line 1 column 1 (char 0)
2025-05-01 10:19:39,558 - WARNING - 跳過無效 JSON 行：Expecting value: line 1 column 1 (char 0)
2025-05-01 10:19:39,558 - WARNING - 跳過無效 JSON 行：Expecting value: line 1 column 1 (char 0)
2025-05-01 10:19:39,558 - WARNING - 跳過無效 JSON 行：Expecting value: line 1 column 1 (char 0)
2025-05-01 10:19:39,558 - WARNING - 跳過無效 JSON 行：Expecting value: line 1 column 1 (char 0)
2025-05-01 10:19:39,558 - WARNING - 跳過無效 JSON 行：Expecting value: line 1 column 1 (char 0)
2025-05-01 10:19:39,558 - WARNING - 跳過無效 JSON 行：Expecting value: line 1 column 1 (char 0)
2025-05-01 10:19:39,558 - WARNING - 跳過無效 JSON 行：Expecting value: line 1 column 1 (char 0)
2025-05-01 10:19:39,558 - WARNING - 跳過無效 JSON 行：Expecting value: line 1 column 1 (char 0)
2025-05-01 10:19:39,558 - WARNING - 跳過無效 JSON 行：Expecting value: line 1 column 1 (char 0)
2025-05-01 10:19:39,558 - WARNING - 跳過無效 JSON 行：Expecting value: line 1 column 1 (char 0)
2025-05-01 10:19:39,558 - WARNING - 跳過無效 JSON 行：Expecting value: line 1 column 1 (char 0)
2025-05-01 10:19:39,558 - WARNING - 跳過無效 JSON 行：Expecting value: line 1 column 1 (char 0)
2025-05-01 10:19:39,558 - WARNING - 跳過無效 JSON 行：Expecting value: line 1 column 1 (char 0)
2025-05-01 10:19:39,558 - WARNING - 跳過無效 JSON 行：Expecting value: line 1 column 1 (char 0)
2025-05-01 10:19:39,558 - WARNING - 跳過無效 JSON 行：Expecting value: line 1 column 1 (char 0)
2025-05-01 10:19:39,558 - WARNING - 跳過無效 JSON 行：Expecting value: line 1 column 1 (char 0)
2025-05-01 10:19:39,558 - WARNING - 跳過無效 JSON 行：Expecting value: line 1 column 1 (char 0)
2025-05-01 10:19:39,558 - WARNING - 跳過無效 JSON 行：Expecting value: line 1 column 1 (char 0)
2025-05-01 10:19:39,558 - WARNING - 跳過無效 JSON 行：Expecting value: line 1 column 1 (char 0)
2025-05-01 10:19:39,558 - WARNING - 跳過無效 JSON 行：Expecting value: line 1 column 1 (char 0)
2025-05-01 10:19:39,558 - WARNING - 跳過無效 JSON 行：Expecting value: line 1 column 1 (char 0)
2025-05-01 10:19:39,558 - WARNING - 跳過無效 JSON 行：Expecting value: line 1 column 1 (char 0)
2025-05-01 10:19:39,558 - WARNING - 跳過無效 JSON 行：Expecting value: line 1 column 1 (char 0)
2025-05-01 10:19:39,558 - WARNING - 跳過無效 JSON 行：Expecting value: line 1 column 1 (char 0)
2025-05-01 10:19:39,558 - WARNING - 跳過無效 JSON 行：Expecting value: line 1 column 1 (char 0)
2025-05-01 10:19:39,558 - WARNING - 跳過無效 JSON 行：Expecting value: line 1 column 1 (char 0)
2025-05-01 10:19:39,558 - WARNING - 跳過無效 JSON 行：Expecting value: line 1 column 1 (char 0)
2025-05-01 10:19:39,558 - WARNING - 跳過無效 JSON 行：Expecting value: line 1 column 1 (char 0)
2025-05-01 10:19:39,558 - WARNING - 跳過無效 JSON 行：Expecting value: line 1 column 1 (char 0)
2025-05-01 10:19:39,558 - WARNING - 跳過無效 JSON 行：Expecting value: line 1 column 1 (char 0)
2025-05-01 10:19:39,558 - WARNING - 跳過無效 JSON 行：Expecting value: line 1 column 1 (char 0)
2025-05-01 10:19:39,558 - WARNING - 跳過無效 JSON 行：Expecting value: line 1 column 1 (char 0)
2025-05-01 10:19:39,558 - WARNING - 跳過無效 JSON 行：Expecting value: line 1 column 1 (char 0)
2025-05-01 10:19:39,558 - WARNING - 跳過無效 JSON 行：Expecting value: line 1 column 1 (char 0)
2025-05-01 10:19:39,558 - WARNING - 跳過無效 JSON 行：Expecting value: line 1 column 1 (char 0)
2025-05-01 10:19:39,569 - WARNING - 跳過無效 JSON 行：Expecting value: line 1 column 1 (char 0)
2025-05-01 10:19:39,569 - WARNING - 跳過無效 JSON 行：Expecting value: line 1 column 1 (char 0)
2025-05-01 10:19:39,569 - WARNING - 跳過無效 JSON 行：Expecting value: line 1 column 1 (char 0)
2025-05-01 10:19:39,569 - WARNING - 跳過無效 JSON 行：Expecting value: line 1 column 1 (char 0)
2025-05-01 10:19:39,569 - WARNING - 跳過無效 JSON 行：Expecting value: line 1 column 1 (char 0)
2025-05-01 10:19:39,569 - WARNING - 跳過無效 JSON 行：Expecting value: line 1 column 1 (char 0)
2025-05-01 10:19:39,569 - WARNING - 跳過無效 JSON 行：Expecting value: line 1 column 1 (char 0)
2025-05-01 10:19:39,569 - WARNING - 跳過無效 JSON 行：Expecting value: line 1 column 1 (char 0)
2025-05-01 10:19:39,569 - WARNING - 跳過無效 JSON 行：Expecting value: line 1 column 1 (char 0)
2025-05-01 10:19:39,569 - WARNING - 跳過無效 JSON 行：Expecting value: line 1 column 1 (char 0)
2025-05-01 10:19:39,569 - WARNING - 跳過無效 JSON 行：Expecting value: line 1 column 1 (char 0)
2025-05-01 10:19:39,569 - WARNING - 跳過無效 JSON 行：Expecting value: line 1 column 1 (char 0)
2025-05-01 10:19:39,569 - WARNING - 跳過無效 JSON 行：Expecting value: line 1 column 1 (char 0)
2025-05-01 10:19:39,569 - WARNING - 跳過無效 JSON 行：Expecting value: line 1 column 1 (char 0)
2025-05-01 10:19:39,569 - WARNING - 跳過無效 JSON 行：Expecting value: line 1 column 1 (char 0)
2025-05-01 10:19:39,569 - WARNING - 跳過無效 JSON 行：Expecting value: line 1 column 1 (char 0)
2025-05-01 10:19:39,569 - WARNING - 跳過無效 JSON 行：Expecting value: line 1 column 1 (char 0)
2025-05-01 10:19:39,569 - WARNING - 跳過無效 JSON 行：Expecting value: line 1 column 1 (char 0)
2025-05-01 10:19:39,569 - WARNING - 跳過無效 JSON 行：Expecting value: line 1 column 1 (char 0)
2025-05-01 10:19:39,569 - WARNING - 跳過無效 JSON 行：Expecting value: line 1 column 1 (char 0)
2025-05-01 10:19:39,569 - WARNING - 跳過無效 JSON 行：Expecting value: line 1 column 1 (char 0)
2025-05-01 10:19:39,569 - WARNING - 跳過無效 JSON 行：Expecting value: line 1 column 1 (char 0)
2025-05-01 10:19:39,569 - WARNING - 跳過無效 JSON 行：Expecting value: line 1 column 1 (char 0)
2025-05-01 10:19:39,569 - WARNING - 跳過無效 JSON 行：Expecting value: line 1 column 1 (char 0)
2025-05-01 10:19:39,569 - WARNING - 跳過無效 JSON 行：Expecting value: line 1 column 1 (char 0)
2025-05-01 10:19:39,569 - WARNING - 跳過無效 JSON 行：Expecting value: line 1 column 1 (char 0)
2025-05-01 10:19:39,573 - WARNING - 跳過無效 JSON 行：Expecting value: line 1 column 1 (char 0)
2025-05-01 10:19:39,574 - WARNING - 跳過無效 JSON 行：Expecting value: line 1 column 1 (char 0)
2025-05-01 10:19:39,574 - WARNING - 跳過無效 JSON 行：Expecting value: line 1 column 1 (char 0)
2025-05-01 10:19:39,574 - WARNING - 跳過無效 JSON 行：Expecting value: line 1 column 1 (char 0)
2025-05-01 10:19:39,574 - WARNING - 跳過無效 JSON 行：Expecting value: line 1 column 1 (char 0)
2025-05-01 10:19:39,574 - WARNING - 跳過無效 JSON 行：Expecting value: line 1 column 1 (char 0)
2025-05-01 10:19:39,574 - WARNING - 跳過無效 JSON 行：Expecting value: line 1 column 1 (char 0)
2025-05-01 10:19:39,574 - WARNING - 跳過無效 JSON 行：Expecting value: line 1 column 1 (char 0)
2025-05-01 10:19:39,574 - WARNING - 跳過無效 JSON 行：Expecting value: line 1 column 1 (char 0)
2025-05-01 10:19:39,574 - WARNING - 跳過無效 JSON 行：Expecting value: line 1 column 1 (char 0)
2025-05-01 10:19:39,574 - WARNING - 跳過無效 JSON 行：Expecting value: line 1 column 1 (char 0)
2025-05-01 10:19:39,574 - WARNING - 跳過無效 JSON 行：Expecting value: line 1 column 1 (char 0)
2025-05-01 10:19:39,574 - WARNING - 跳過無效 JSON 行：Expecting value: line 1 column 1 (char 0)
2025-05-01 10:19:39,579 - WARNING - 跳過無效 JSON 行：Expecting value: line 1 column 1 (char 0)
2025-05-01 10:19:39,579 - WARNING - 跳過無效 JSON 行：Expecting value: line 1 column 1 (char 0)
2025-05-01 10:19:39,579 - WARNING - 跳過無效 JSON 行：Expecting value: line 1 column 1 (char 0)
2025-05-01 10:19:39,579 - WARNING - 跳過無效 JSON 行：Expecting value: line 1 column 1 (char 0)
2025-05-01 10:19:39,579 - WARNING - 跳過無效 JSON 行：Expecting value: line 1 column 1 (char 0)
2025-05-01 10:19:39,579 - WARNING - 跳過無效 JSON 行：Expecting value: line 1 column 1 (char 0)
2025-05-01 10:19:39,579 - WARNING - 跳過無效 JSON 行：Expecting value: line 1 column 1 (char 0)
2025-05-01 10:19:39,579 - WARNING - 跳過無效 JSON 行：Expecting value: line 1 column 1 (char 0)
2025-05-01 10:19:39,579 - WARNING - 跳過無效 JSON 行：Expecting value: line 1 column 1 (char 0)
2025-05-01 10:19:39,579 - WARNING - 跳過無效 JSON 行：Expecting value: line 1 column 1 (char 0)
2025-05-01 10:19:39,579 - WARNING - 跳過無效 JSON 行：Expecting value: line 1 column 1 (char 0)
2025-05-01 10:19:39,579 - WARNING - 跳過無效 JSON 行：Expecting value: line 1 column 1 (char 0)
2025-05-01 10:19:39,579 - WARNING - 跳過無效 JSON 行：Expecting value: line 1 column 1 (char 0)
2025-05-01 10:19:39,579 - WARNING - 跳過無效 JSON 行：Expecting value: line 1 column 1 (char 0)
2025-05-01 10:19:39,579 - WARNING - 跳過無效 JSON 行：Expecting value: line 1 column 1 (char 0)
2025-05-01 10:19:39,579 - WARNING - 跳過無效 JSON 行：Expecting value: line 1 column 1 (char 0)
2025-05-01 10:19:39,579 - WARNING - 跳過無效 JSON 行：Expecting value: line 1 column 1 (char 0)
2025-05-01 10:19:39,579 - WARNING - 跳過無效 JSON 行：Expecting value: line 1 column 1 (char 0)
2025-05-01 10:19:39,579 - WARNING - 跳過無效 JSON 行：Expecting value: line 1 column 1 (char 0)
2025-05-01 10:19:39,579 - WARNING - 跳過無效 JSON 行：Expecting value: line 1 column 1 (char 0)
2025-05-01 10:19:39,579 - WARNING - 跳過無效 JSON 行：Expecting value: line 1 column 1 (char 0)
2025-05-01 10:19:39,579 - WARNING - 跳過無效 JSON 行：Expecting value: line 1 column 1 (char 0)
2025-05-01 10:19:39,579 - WARNING - 跳過無效 JSON 行：Expecting value: line 1 column 1 (char 0)
2025-05-01 10:19:39,579 - WARNING - 跳過無效 JSON 行：Expecting value: line 1 column 1 (char 0)
2025-05-01 10:19:39,579 - WARNING - 跳過無效 JSON 行：Expecting value: line 1 column 1 (char 0)
2025-05-01 10:19:39,579 - WARNING - 跳過無效 JSON 行：Expecting value: line 1 column 1 (char 0)
2025-05-01 10:19:39,579 - WARNING - 跳過無效 JSON 行：Expecting value: line 1 column 1 (char 0)
2025-05-01 10:19:39,579 - WARNING - 跳過無效 JSON 行：Expecting value: line 1 column 1 (char 0)
2025-05-01 10:19:39,579 - WARNING - 跳過無效 JSON 行：Expecting value: line 1 column 1 (char 0)
2025-05-01 10:19:39,588 - WARNING - 跳過無效 JSON 行：Expecting value: line 1 column 1 (char 0)
2025-05-01 10:19:39,588 - WARNING - 跳過無效 JSON 行：Expecting value: line 1 column 1 (char 0)
2025-05-01 10:19:39,588 - WARNING - 跳過無效 JSON 行：Expecting value: line 1 column 1 (char 0)
2025-05-01 10:19:39,588 - WARNING - 跳過無效 JSON 行：Expecting value: line 1 column 1 (char 0)
2025-05-01 10:19:39,588 - WARNING - 跳過無效 JSON 行：Expecting value: line 1 column 1 (char 0)
2025-05-01 10:19:39,588 - WARNING - 跳過無效 JSON 行：Expecting value: line 1 column 1 (char 0)
2025-05-01 10:19:39,588 - WARNING - 跳過無效 JSON 行：Expecting value: line 1 column 1 (char 0)
2025-05-01 10:19:39,588 - WARNING - 跳過無效 JSON 行：Expecting value: line 1 column 1 (char 0)
2025-05-01 10:19:39,588 - WARNING - 跳過無效 JSON 行：Expecting value: line 1 column 1 (char 0)
2025-05-01 10:19:39,589 - WARNING - 跳過無效 JSON 行：Expecting value: line 1 column 1 (char 0)
2025-05-01 10:19:39,589 - WARNING - 跳過無效 JSON 行：Expecting value: line 1 column 1 (char 0)
2025-05-01 10:19:39,589 - WARNING - 跳過無效 JSON 行：Expecting value: line 1 column 1 (char 0)
2025-05-01 10:19:39,589 - WARNING - 跳過無效 JSON 行：Expecting value: line 1 column 1 (char 0)
2025-05-01 10:19:39,589 - WARNING - 跳過無效 JSON 行：Expecting value: line 1 column 1 (char 0)
2025-05-01 10:19:39,589 - WARNING - 跳過無效 JSON 行：Expecting value: line 1 column 1 (char 0)
2025-05-01 10:19:39,590 - WARNING - 跳過無效 JSON 行：Expecting value: line 1 column 1 (char 0)
2025-05-01 10:19:39,590 - WARNING - 跳過無效 JSON 行：Expecting value: line 1 column 1 (char 0)
2025-05-01 10:19:39,590 - WARNING - 跳過無效 JSON 行：Expecting value: line 1 column 1 (char 0)
2025-05-01 10:19:39,590 - WARNING - 跳過無效 JSON 行：Expecting value: line 1 column 1 (char 0)
2025-05-01 10:19:39,591 - WARNING - 跳過無效 JSON 行：Expecting value: line 1 column 1 (char 0)
2025-05-01 10:19:39,591 - WARNING - 跳過無效 JSON 行：Expecting value: line 1 column 1 (char 0)
2025-05-01 10:19:39,591 - WARNING - 跳過無效 JSON 行：Expecting value: line 1 column 1 (char 0)
2025-05-01 10:19:39,591 - WARNING - 跳過無效 JSON 行：Expecting value: line 1 column 1 (char 0)
2025-05-01 10:19:39,591 - WARNING - 跳過無效 JSON 行：Expecting value: line 1 column 1 (char 0)
2025-05-01 10:19:39,591 - WARNING - 跳過無效 JSON 行：Expecting value: line 1 column 1 (char 0)
2025-05-01 10:19:39,591 - WARNING - 跳過無效 JSON 行：Expecting value: line 1 column 1 (char 0)
2025-05-01 10:19:39,591 - WARNING - 跳過無效 JSON 行：Expecting value: line 1 column 1 (char 0)
2025-05-01 10:19:39,591 - WARNING - 跳過無效 JSON 行：Expecting value: line 1 column 1 (char 0)
2025-05-01 10:19:39,591 - WARNING - 跳過無效 JSON 行：Expecting value: line 1 column 1 (char 0)
2025-05-01 10:19:39,591 - WARNING - 跳過無效 JSON 行：Expecting value: line 1 column 1 (char 0)
2025-05-01 10:19:39,591 - WARNING - 跳過無效 JSON 行：Expecting value: line 1 column 1 (char 0)
2025-05-01 10:19:39,591 - WARNING - 跳過無效 JSON 行：Expecting value: line 1 column 1 (char 0)
2025-05-01 10:19:39,591 - WARNING - 跳過無效 JSON 行：Expecting value: line 1 column 1 (char 0)
2025-05-01 10:19:39,591 - WARNING - 跳過無效 JSON 行：Expecting value: line 1 column 1 (char 0)
2025-05-01 10:19:39,591 - WARNING - 跳過無效 JSON 行：Expecting value: line 1 column 1 (char 0)
2025-05-01 10:19:39,591 - WARNING - 跳過無效 JSON 行：Expecting value: line 1 column 1 (char 0)
2025-05-01 10:19:39,591 - WARNING - 跳過無效 JSON 行：Expecting value: line 1 column 1 (char 0)
2025-05-01 10:19:39,591 - WARNING - 跳過無效 JSON 行：Expecting value: line 1 column 1 (char 0)
2025-05-01 10:19:39,591 - WARNING - 跳過無效 JSON 行：Expecting value: line 1 column 1 (char 0)
2025-05-01 10:19:39,591 - WARNING - 跳過無效 JSON 行：Expecting value: line 1 column 1 (char 0)
2025-05-01 10:19:39,591 - WARNING - 跳過無效 JSON 行：Expecting value: line 1 column 1 (char 0)
2025-05-01 10:19:39,591 - WARNING - 跳過無效 JSON 行：Expecting value: line 1 column 1 (char 0)
2025-05-01 10:19:39,591 - WARNING - 跳過無效 JSON 行：Expecting value: line 1 column 1 (char 0)
2025-05-01 10:19:39,591 - WARNING - 跳過無效 JSON 行：Expecting value: line 1 column 1 (char 0)
2025-05-01 10:19:39,591 - WARNING - 跳過無效 JSON 行：Expecting value: line 1 column 1 (char 0)
2025-05-01 10:19:39,591 - WARNING - 跳過無效 JSON 行：Expecting value: line 1 column 1 (char 0)
2025-05-01 10:19:39,591 - WARNING - 跳過無效 JSON 行：Expecting value: line 1 column 1 (char 0)
2025-05-01 10:19:39,591 - WARNING - 跳過無效 JSON 行：Expecting value: line 1 column 1 (char 0)
2025-05-01 10:19:39,591 - WARNING - 跳過無效 JSON 行：Expecting value: line 1 column 1 (char 0)
2025-05-01 10:19:39,591 - WARNING - 跳過無效 JSON 行：Expecting value: line 1 column 1 (char 0)
2025-05-01 10:19:39,591 - WARNING - 跳過無效 JSON 行：Expecting value: line 1 column 1 (char 0)
2025-05-01 10:19:39,591 - WARNING - 跳過無效 JSON 行：Expecting value: line 1 column 1 (char 0)
2025-05-01 10:19:39,591 - WARNING - 跳過無效 JSON 行：Expecting value: line 1 column 1 (char 0)
2025-05-01 10:19:39,591 - WARNING - 跳過無效 JSON 行：Expecting value: line 1 column 1 (char 0)
2025-05-01 10:19:39,591 - WARNING - 跳過無效 JSON 行：Expecting value: line 1 column 1 (char 0)
2025-05-01 10:19:39,591 - WARNING - 跳過無效 JSON 行：Expecting value: line 1 column 1 (char 0)
2025-05-01 10:19:39,591 - WARNING - 跳過無效 JSON 行：Expecting value: line 1 column 1 (char 0)
2025-05-01 10:19:39,591 - WARNING - 跳過無效 JSON 行：Expecting value: line 1 column 1 (char 0)
2025-05-01 10:19:39,591 - WARNING - 跳過無效 JSON 行：Expecting value: line 1 column 1 (char 0)
2025-05-01 10:19:39,591 - WARNING - 跳過無效 JSON 行：Expecting value: line 1 column 1 (char 0)
2025-05-01 10:19:39,591 - WARNING - 跳過無效 JSON 行：Expecting value: line 1 column 1 (char 0)
2025-05-01 10:19:39,591 - WARNING - 跳過無效 JSON 行：Expecting value: line 1 column 1 (char 0)
2025-05-01 10:19:39,591 - WARNING - 跳過無效 JSON 行：Expecting value: line 1 column 1 (char 0)
2025-05-01 10:19:39,591 - WARNING - 跳過無效 JSON 行：Expecting value: line 1 column 1 (char 0)
2025-05-01 10:19:39,591 - WARNING - 跳過無效 JSON 行：Expecting value: line 1 column 1 (char 0)
2025-05-01 10:19:39,591 - WARNING - 跳過無效 JSON 行：Expecting value: line 1 column 1 (char 0)
2025-05-01 10:19:39,591 - WARNING - 跳過無效 JSON 行：Expecting value: line 1 column 1 (char 0)
2025-05-01 10:19:39,591 - WARNING - 跳過無效 JSON 行：Expecting value: line 1 column 1 (char 0)
2025-05-01 10:19:39,591 - WARNING - 跳過無效 JSON 行：Expecting value: line 1 column 1 (char 0)
2025-05-01 10:19:39,591 - WARNING - 跳過無效 JSON 行：Expecting value: line 1 column 1 (char 0)
2025-05-01 10:19:39,591 - WARNING - 跳過無效 JSON 行：Expecting value: line 1 column 1 (char 0)
2025-05-01 10:19:39,591 - WARNING - 跳過無效 JSON 行：Expecting value: line 1 column 1 (char 0)
2025-05-01 10:19:39,591 - WARNING - 跳過無效 JSON 行：Expecting value: line 1 column 1 (char 0)
2025-05-01 10:19:39,591 - WARNING - 跳過無效 JSON 行：Expecting value: line 1 column 1 (char 0)
2025-05-01 10:19:39,591 - WARNING - 跳過無效 JSON 行：Expecting value: line 1 column 1 (char 0)
2025-05-01 10:19:39,591 - WARNING - 跳過無效 JSON 行：Expecting value: line 1 column 1 (char 0)
2025-05-01 10:19:39,591 - WARNING - 跳過無效 JSON 行：Expecting value: line 1 column 1 (char 0)
2025-05-01 10:19:39,591 - WARNING - 跳過無效 JSON 行：Expecting value: line 1 column 1 (char 0)
2025-05-01 10:19:39,591 - WARNING - 跳過無效 JSON 行：Expecting value: line 1 column 1 (char 0)
2025-05-01 10:19:39,599 - WARNING - 跳過無效 JSON 行：Expecting value: line 1 column 1 (char 0)
2025-05-01 10:19:39,599 - WARNING - 跳過無效 JSON 行：Expecting value: line 1 column 1 (char 0)
2025-05-01 10:19:39,599 - WARNING - 跳過無效 JSON 行：Expecting value: line 1 column 1 (char 0)
2025-05-01 10:19:39,599 - WARNING - 跳過無效 JSON 行：Expecting value: line 1 column 1 (char 0)
2025-05-01 10:19:39,599 - WARNING - 跳過無效 JSON 行：Expecting value: line 1 column 1 (char 0)
2025-05-01 10:19:39,599 - WARNING - 跳過無效 JSON 行：Expecting value: line 1 column 1 (char 0)
2025-05-01 10:19:39,599 - WARNING - 跳過無效 JSON 行：Expecting value: line 1 column 1 (char 0)
2025-05-01 10:19:39,599 - WARNING - 跳過無效 JSON 行：Expecting value: line 1 column 1 (char 0)
2025-05-01 10:19:39,599 - WARNING - 跳過無效 JSON 行：Expecting value: line 1 column 1 (char 0)
2025-05-01 10:19:39,599 - WARNING - 跳過無效 JSON 行：Expecting value: line 1 column 1 (char 0)
2025-05-01 10:19:39,599 - WARNING - 跳過無效 JSON 行：Expecting value: line 1 column 1 (char 0)
2025-05-01 10:19:39,599 - WARNING - 跳過無效 JSON 行：Expecting value: line 1 column 1 (char 0)
2025-05-01 10:19:39,599 - WARNING - 跳過無效 JSON 行：Expecting value: line 1 column 1 (char 0)
2025-05-01 10:19:39,599 - WARNING - 跳過無效 JSON 行：Expecting value: line 1 column 1 (char 0)
2025-05-01 10:19:39,599 - WARNING - 跳過無效 JSON 行：Expecting value: line 1 column 1 (char 0)
2025-05-01 10:19:39,599 - WARNING - 跳過無效 JSON 行：Expecting value: line 1 column 1 (char 0)
2025-05-01 10:19:39,599 - WARNING - 跳過無效 JSON 行：Expecting value: line 1 column 1 (char 0)
2025-05-01 10:19:39,599 - WARNING - 跳過無效 JSON 行：Expecting value: line 1 column 1 (char 0)
2025-05-01 10:19:39,599 - WARNING - 跳過無效 JSON 行：Expecting value: line 1 column 1 (char 0)
2025-05-01 10:19:39,599 - WARNING - 跳過無效 JSON 行：Expecting value: line 1 column 1 (char 0)
2025-05-01 10:19:39,599 - WARNING - 跳過無效 JSON 行：Expecting value: line 1 column 1 (char 0)
2025-05-01 10:19:39,599 - WARNING - 跳過無效 JSON 行：Expecting value: line 1 column 1 (char 0)
2025-05-01 10:19:39,599 - WARNING - 跳過無效 JSON 行：Expecting value: line 1 column 1 (char 0)
2025-05-01 10:19:39,599 - WARNING - 跳過無效 JSON 行：Expecting value: line 1 column 1 (char 0)
2025-05-01 10:19:39,599 - WARNING - 跳過無效 JSON 行：Expecting value: line 1 column 1 (char 0)
2025-05-01 10:19:39,599 - WARNING - 跳過無效 JSON 行：Expecting value: line 1 column 1 (char 0)
2025-05-01 10:19:39,599 - WARNING - 跳過無效 JSON 行：Expecting value: line 1 column 1 (char 0)
2025-05-01 10:19:39,599 - WARNING - 跳過無效 JSON 行：Expecting value: line 1 column 1 (char 0)
2025-05-01 10:19:39,599 - WARNING - 跳過無效 JSON 行：Expecting value: line 1 column 1 (char 0)
2025-05-01 10:19:39,599 - WARNING - 跳過無效 JSON 行：Expecting value: line 1 column 1 (char 0)
2025-05-01 10:19:39,599 - WARNING - 跳過無效 JSON 行：Expecting value: line 1 column 1 (char 0)
2025-05-01 10:19:39,599 - WARNING - 跳過無效 JSON 行：Expecting value: line 1 column 1 (char 0)
2025-05-01 10:19:39,599 - WARNING - 跳過無效 JSON 行：Expecting value: line 1 column 1 (char 0)
2025-05-01 10:19:39,599 - WARNING - 跳過無效 JSON 行：Expecting value: line 1 column 1 (char 0)
2025-05-01 10:19:39,599 - WARNING - 跳過無效 JSON 行：Expecting value: line 1 column 1 (char 0)
2025-05-01 10:19:39,599 - WARNING - 跳過無效 JSON 行：Expecting value: line 1 column 1 (char 0)
2025-05-01 10:19:39,599 - WARNING - 跳過無效 JSON 行：Expecting value: line 1 column 1 (char 0)
2025-05-01 10:19:39,599 - WARNING - 跳過無效 JSON 行：Expecting value: line 1 column 1 (char 0)
2025-05-01 10:19:39,604 - WARNING - 跳過無效 JSON 行：Expecting value: line 1 column 1 (char 0)
2025-05-01 10:19:39,604 - WARNING - 跳過無效 JSON 行：Expecting value: line 1 column 1 (char 0)
2025-05-01 10:19:39,604 - WARNING - 跳過無效 JSON 行：Expecting value: line 1 column 1 (char 0)
2025-05-01 10:19:39,604 - WARNING - 跳過無效 JSON 行：Expecting value: line 1 column 1 (char 0)
2025-05-01 10:19:39,604 - WARNING - 跳過無效 JSON 行：Expecting value: line 1 column 1 (char 0)
2025-05-01 10:19:39,604 - WARNING - 跳過無效 JSON 行：Expecting value: line 1 column 1 (char 0)
2025-05-01 10:19:39,604 - WARNING - 跳過無效 JSON 行：Expecting value: line 1 column 1 (char 0)
2025-05-01 10:19:39,604 - WARNING - 跳過無效 JSON 行：Expecting value: line 1 column 1 (char 0)
2025-05-01 10:19:39,604 - WARNING - 跳過無效 JSON 行：Expecting value: line 1 column 1 (char 0)
2025-05-01 10:19:39,604 - WARNING - 跳過無效 JSON 行：Expecting value: line 1 column 1 (char 0)
2025-05-01 10:19:39,604 - WARNING - 跳過無效 JSON 行：Expecting value: line 1 column 1 (char 0)
2025-05-01 10:19:39,604 - WARNING - 跳過無效 JSON 行：Expecting value: line 1 column 1 (char 0)
2025-05-01 10:19:39,604 - WARNING - 跳過無效 JSON 行：Expecting value: line 1 column 1 (char 0)
2025-05-01 10:19:39,604 - WARNING - 跳過無效 JSON 行：Expecting value: line 1 column 1 (char 0)
2025-05-01 10:19:39,604 - WARNING - 跳過無效 JSON 行：Expecting value: line 1 column 1 (char 0)
2025-05-01 10:19:39,604 - WARNING - 跳過無效 JSON 行：Expecting value: line 1 column 1 (char 0)
2025-05-01 10:19:39,604 - WARNING - 跳過無效 JSON 行：Expecting value: line 1 column 1 (char 0)
2025-05-01 10:19:39,604 - WARNING - 跳過無效 JSON 行：Expecting value: line 1 column 1 (char 0)
2025-05-01 10:19:39,604 - WARNING - 跳過無效 JSON 行：Expecting value: line 1 column 1 (char 0)
2025-05-01 10:19:39,604 - WARNING - 跳過無效 JSON 行：Expecting value: line 1 column 1 (char 0)
2025-05-01 10:19:39,606 - WARNING - 跳過無效 JSON 行：Expecting value: line 1 column 1 (char 0)
2025-05-01 10:19:39,606 - WARNING - 跳過無效 JSON 行：Expecting value: line 1 column 1 (char 0)
2025-05-01 10:19:39,606 - WARNING - 跳過無效 JSON 行：Expecting value: line 1 column 1 (char 0)
2025-05-01 10:19:39,606 - WARNING - 跳過無效 JSON 行：Expecting value: line 1 column 1 (char 0)
2025-05-01 10:19:39,606 - WARNING - 跳過無效 JSON 行：Expecting value: line 1 column 1 (char 0)
2025-05-01 10:19:39,607 - WARNING - 跳過無效 JSON 行：Expecting value: line 1 column 1 (char 0)
2025-05-01 10:19:39,607 - WARNING - 跳過無效 JSON 行：Expecting value: line 1 column 1 (char 0)
2025-05-01 10:19:39,607 - WARNING - 跳過無效 JSON 行：Expecting value: line 1 column 1 (char 0)
2025-05-01 10:19:39,607 - WARNING - 跳過無效 JSON 行：Expecting value: line 1 column 1 (char 0)
2025-05-01 10:19:39,607 - WARNING - 跳過無效 JSON 行：Expecting value: line 1 column 1 (char 0)
2025-05-01 10:19:39,607 - WARNING - 跳過無效 JSON 行：Expecting value: line 1 column 1 (char 0)
2025-05-01 10:19:39,607 - WARNING - 跳過無效 JSON 行：Expecting value: line 1 column 1 (char 0)
2025-05-01 10:19:39,607 - WARNING - 跳過無效 JSON 行：Expecting value: line 1 column 1 (char 0)
2025-05-01 10:19:39,607 - WARNING - 跳過無效 JSON 行：Expecting value: line 1 column 1 (char 0)
2025-05-01 10:19:39,607 - WARNING - 跳過無效 JSON 行：Expecting value: line 1 column 1 (char 0)
2025-05-01 10:19:39,607 - WARNING - 跳過無效 JSON 行：Expecting value: line 1 column 1 (char 0)
2025-05-01 10:19:39,608 - WARNING - 跳過無效 JSON 行：Expecting value: line 1 column 1 (char 0)
2025-05-01 10:19:39,608 - WARNING - 跳過無效 JSON 行：Expecting value: line 1 column 1 (char 0)
2025-05-01 10:19:39,608 - WARNING - 跳過無效 JSON 行：Expecting value: line 1 column 1 (char 0)
2025-05-01 10:19:39,608 - WARNING - 跳過無效 JSON 行：Expecting value: line 1 column 1 (char 0)
2025-05-01 10:19:39,608 - WARNING - 跳過無效 JSON 行：Expecting value: line 1 column 1 (char 0)
2025-05-01 10:19:39,608 - WARNING - 跳過無效 JSON 行：Expecting value: line 1 column 1 (char 0)
2025-05-01 10:19:39,610 - WARNING - 跳過無效 JSON 行：Expecting value: line 1 column 1 (char 0)
2025-05-01 10:19:39,610 - WARNING - 跳過無效 JSON 行：Expecting value: line 1 column 1 (char 0)
2025-05-01 10:19:39,610 - WARNING - 跳過無效 JSON 行：Expecting value: line 1 column 1 (char 0)
2025-05-01 10:19:39,610 - WARNING - 跳過無效 JSON 行：Expecting value: line 1 column 1 (char 0)
2025-05-01 10:19:39,610 - WARNING - 跳過無效 JSON 行：Expecting value: line 1 column 1 (char 0)
2025-05-01 10:19:39,610 - WARNING - 跳過無效 JSON 行：Expecting value: line 1 column 1 (char 0)
2025-05-01 10:19:39,611 - WARNING - 跳過無效 JSON 行：Expecting value: line 1 column 1 (char 0)
2025-05-01 10:19:39,611 - WARNING - 跳過無效 JSON 行：Expecting value: line 1 column 1 (char 0)
2025-05-01 10:19:39,611 - WARNING - 跳過無效 JSON 行：Expecting value: line 1 column 1 (char 0)
2025-05-01 10:19:39,611 - WARNING - 跳過無效 JSON 行：Expecting value: line 1 column 1 (char 0)
2025-05-01 10:19:39,611 - WARNING - 跳過無效 JSON 行：Expecting value: line 1 column 1 (char 0)
2025-05-01 10:19:39,611 - WARNING - 跳過無效 JSON 行：Expecting value: line 1 column 1 (char 0)
2025-05-01 10:19:39,612 - WARNING - 跳過無效 JSON 行：Expecting value: line 1 column 1 (char 0)
2025-05-01 10:19:39,612 - WARNING - 跳過無效 JSON 行：Expecting value: line 1 column 1 (char 0)
2025-05-01 10:19:39,612 - WARNING - 跳過無效 JSON 行：Expecting value: line 1 column 1 (char 0)
2025-05-01 10:19:39,612 - WARNING - 跳過無效 JSON 行：Expecting value: line 1 column 1 (char 0)
2025-05-01 10:19:39,612 - WARNING - 跳過無效 JSON 行：Expecting value: line 1 column 1 (char 0)
2025-05-01 10:19:39,612 - WARNING - 跳過無效 JSON 行：Expecting value: line 1 column 1 (char 0)
2025-05-01 10:19:39,613 - WARNING - 跳過無效 JSON 行：Expecting value: line 1 column 1 (char 0)
2025-05-01 10:19:39,613 - WARNING - 跳過無效 JSON 行：Expecting value: line 1 column 1 (char 0)
2025-05-01 10:19:39,613 - WARNING - 跳過無效 JSON 行：Expecting value: line 1 column 1 (char 0)
2025-05-01 10:19:39,613 - WARNING - 跳過無效 JSON 行：Expecting value: line 1 column 1 (char 0)
2025-05-01 10:19:39,613 - WARNING - 跳過無效 JSON 行：Expecting value: line 1 column 1 (char 0)
2025-05-01 10:19:39,613 - WARNING - 跳過無效 JSON 行：Expecting value: line 1 column 1 (char 0)
2025-05-01 10:19:39,613 - WARNING - 跳過無效 JSON 行：Expecting value: line 1 column 1 (char 0)
2025-05-01 10:19:39,613 - WARNING - 跳過無效 JSON 行：Expecting value: line 1 column 1 (char 0)
2025-05-01 10:19:39,613 - WARNING - 跳過無效 JSON 行：Expecting value: line 1 column 1 (char 0)
2025-05-01 10:19:39,613 - WARNING - 跳過無效 JSON 行：Expecting value: line 1 column 1 (char 0)
2025-05-01 10:19:39,613 - WARNING - 跳過無效 JSON 行：Expecting value: line 1 column 1 (char 0)
2025-05-01 10:19:39,613 - WARNING - 跳過無效 JSON 行：Expecting value: line 1 column 1 (char 0)
2025-05-01 10:19:39,613 - WARNING - 跳過無效 JSON 行：Expecting value: line 1 column 1 (char 0)
2025-05-01 10:19:39,613 - WARNING - 跳過無效 JSON 行：Expecting value: line 1 column 1 (char 0)
2025-05-01 10:19:39,613 - WARNING - 跳過無效 JSON 行：Expecting value: line 1 column 1 (char 0)
2025-05-01 10:19:39,613 - WARNING - 跳過無效 JSON 行：Expecting value: line 1 column 1 (char 0)
2025-05-01 10:19:39,613 - WARNING - 跳過無效 JSON 行：Expecting value: line 1 column 1 (char 0)
2025-05-01 10:19:39,613 - WARNING - 跳過無效 JSON 行：Expecting value: line 1 column 1 (char 0)
2025-05-01 10:19:39,613 - WARNING - 跳過無效 JSON 行：Expecting value: line 1 column 1 (char 0)
2025-05-01 10:19:39,613 - WARNING - 跳過無效 JSON 行：Expecting value: line 1 column 1 (char 0)
2025-05-01 10:19:39,613 - WARNING - 跳過無效 JSON 行：Expecting value: line 1 column 1 (char 0)
2025-05-01 10:19:39,613 - WARNING - 跳過無效 JSON 行：Expecting value: line 1 column 1 (char 0)
2025-05-01 10:19:39,613 - WARNING - 跳過無效 JSON 行：Expecting value: line 1 column 1 (char 0)
2025-05-01 10:19:39,613 - WARNING - 跳過無效 JSON 行：Expecting value: line 1 column 1 (char 0)
2025-05-01 10:19:39,613 - WARNING - 跳過無效 JSON 行：Expecting value: line 1 column 1 (char 0)
2025-05-01 10:19:39,613 - WARNING - 跳過無效 JSON 行：Expecting value: line 1 column 1 (char 0)
2025-05-01 10:19:39,613 - WARNING - 跳過無效 JSON 行：Expecting value: line 1 column 1 (char 0)
2025-05-01 10:19:39,613 - WARNING - 跳過無效 JSON 行：Expecting value: line 1 column 1 (char 0)
2025-05-01 10:19:39,613 - WARNING - 跳過無效 JSON 行：Expecting value: line 1 column 1 (char 0)
2025-05-01 10:19:39,613 - WARNING - 跳過無效 JSON 行：Expecting value: line 1 column 1 (char 0)
2025-05-01 10:19:39,613 - WARNING - 跳過無效 JSON 行：Expecting value: line 1 column 1 (char 0)
2025-05-01 10:19:39,613 - WARNING - 跳過無效 JSON 行：Expecting value: line 1 column 1 (char 0)
2025-05-01 10:19:39,618 - WARNING - 跳過無效 JSON 行：Expecting value: line 1 column 1 (char 0)
2025-05-01 10:19:39,618 - WARNING - 跳過無效 JSON 行：Expecting value: line 1 column 1 (char 0)
2025-05-01 10:19:39,618 - WARNING - 跳過無效 JSON 行：Expecting value: line 1 column 1 (char 0)
2025-05-01 10:19:39,618 - WARNING - 跳過無效 JSON 行：Expecting value: line 1 column 1 (char 0)
2025-05-01 10:19:39,618 - WARNING - 跳過無效 JSON 行：Expecting value: line 1 column 1 (char 0)
2025-05-01 10:19:39,618 - WARNING - 跳過無效 JSON 行：Expecting value: line 1 column 1 (char 0)
2025-05-01 10:19:39,618 - WARNING - 跳過無效 JSON 行：Expecting value: line 1 column 1 (char 0)
2025-05-01 10:19:39,618 - WARNING - 跳過無效 JSON 行：Expecting value: line 1 column 1 (char 0)
2025-05-01 10:19:39,618 - WARNING - 跳過無效 JSON 行：Expecting value: line 1 column 1 (char 0)
2025-05-01 10:19:39,618 - WARNING - 跳過無效 JSON 行：Expecting value: line 1 column 1 (char 0)
2025-05-01 10:19:39,618 - WARNING - 跳過無效 JSON 行：Expecting value: line 1 column 1 (char 0)
2025-05-01 10:19:39,618 - WARNING - 跳過無效 JSON 行：Expecting value: line 1 column 1 (char 0)
2025-05-01 10:19:39,618 - WARNING - 跳過無效 JSON 行：Expecting value: line 1 column 1 (char 0)
2025-05-01 10:19:39,618 - WARNING - 跳過無效 JSON 行：Expecting value: line 1 column 1 (char 0)
2025-05-01 10:19:39,618 - WARNING - 跳過無效 JSON 行：Expecting value: line 1 column 1 (char 0)
2025-05-01 10:19:39,618 - WARNING - 跳過無效 JSON 行：Expecting value: line 1 column 1 (char 0)
2025-05-01 10:19:39,618 - WARNING - 跳過無效 JSON 行：Expecting value: line 1 column 1 (char 0)
2025-05-01 10:19:39,618 - WARNING - 跳過無效 JSON 行：Expecting value: line 1 column 1 (char 0)
2025-05-01 10:19:39,618 - WARNING - 跳過無效 JSON 行：Expecting value: line 1 column 1 (char 0)
2025-05-01 10:19:39,618 - WARNING - 跳過無效 JSON 行：Expecting value: line 1 column 1 (char 0)
2025-05-01 10:19:39,618 - WARNING - 跳過無效 JSON 行：Expecting value: line 1 column 1 (char 0)
2025-05-01 10:19:39,618 - WARNING - 跳過無效 JSON 行：Expecting value: line 1 column 1 (char 0)
2025-05-01 10:19:39,618 - WARNING - 跳過無效 JSON 行：Expecting value: line 1 column 1 (char 0)
2025-05-01 10:19:39,618 - WARNING - 跳過無效 JSON 行：Expecting value: line 1 column 1 (char 0)
2025-05-01 10:19:39,618 - WARNING - 跳過無效 JSON 行：Expecting value: line 1 column 1 (char 0)
2025-05-01 10:19:39,618 - WARNING - 跳過無效 JSON 行：Expecting value: line 1 column 1 (char 0)
2025-05-01 10:19:39,618 - WARNING - 跳過無效 JSON 行：Expecting value: line 1 column 1 (char 0)
2025-05-01 10:19:39,618 - WARNING - 跳過無效 JSON 行：Expecting value: line 1 column 1 (char 0)
2025-05-01 10:19:39,618 - WARNING - 跳過無效 JSON 行：Expecting value: line 1 column 1 (char 0)
2025-05-01 10:19:39,618 - WARNING - 跳過無效 JSON 行：Expecting value: line 1 column 1 (char 0)
2025-05-01 10:19:39,618 - WARNING - 跳過無效 JSON 行：Expecting value: line 1 column 1 (char 0)
2025-05-01 10:19:39,623 - WARNING - 跳過無效 JSON 行：Expecting value: line 1 column 1 (char 0)
2025-05-01 10:19:39,623 - WARNING - 跳過無效 JSON 行：Expecting value: line 1 column 1 (char 0)
2025-05-01 10:19:39,623 - WARNING - 跳過無效 JSON 行：Expecting value: line 1 column 1 (char 0)
2025-05-01 10:19:39,624 - WARNING - 跳過無效 JSON 行：Expecting value: line 1 column 1 (char 0)
2025-05-01 10:19:39,624 - WARNING - 跳過無效 JSON 行：Expecting value: line 1 column 1 (char 0)
2025-05-01 10:19:39,624 - WARNING - 跳過無效 JSON 行：Expecting value: line 1 column 1 (char 0)
2025-05-01 10:19:39,624 - WARNING - 跳過無效 JSON 行：Expecting value: line 1 column 1 (char 0)
2025-05-01 10:19:39,625 - WARNING - 跳過無效 JSON 行：Expecting value: line 1 column 1 (char 0)
2025-05-01 10:19:39,625 - WARNING - 跳過無效 JSON 行：Expecting value: line 1 column 1 (char 0)
2025-05-01 10:19:39,625 - WARNING - 跳過無效 JSON 行：Expecting value: line 1 column 1 (char 0)
2025-05-01 10:19:39,625 - WARNING - 跳過無效 JSON 行：Expecting value: line 1 column 1 (char 0)
2025-05-01 10:19:39,625 - WARNING - 跳過無效 JSON 行：Expecting value: line 1 column 1 (char 0)
2025-05-01 10:19:39,625 - WARNING - 跳過無效 JSON 行：Expecting value: line 1 column 1 (char 0)
2025-05-01 10:19:39,625 - WARNING - 跳過無效 JSON 行：Expecting value: line 1 column 1 (char 0)
2025-05-01 10:19:39,625 - WARNING - 跳過無效 JSON 行：Expecting value: line 1 column 1 (char 0)
2025-05-01 10:19:39,625 - WARNING - 跳過無效 JSON 行：Expecting value: line 1 column 1 (char 0)
2025-05-01 10:19:39,625 - WARNING - 跳過無效 JSON 行：Expecting value: line 1 column 1 (char 0)
2025-05-01 10:19:39,625 - WARNING - 跳過無效 JSON 行：Expecting value: line 1 column 1 (char 0)
2025-05-01 10:19:39,625 - WARNING - 跳過無效 JSON 行：Expecting value: line 1 column 1 (char 0)
2025-05-01 10:19:39,625 - WARNING - 跳過無效 JSON 行：Expecting value: line 1 column 1 (char 0)
2025-05-01 10:19:39,625 - WARNING - 跳過無效 JSON 行：Expecting value: line 1 column 1 (char 0)
2025-05-01 10:19:39,625 - WARNING - 跳過無效 JSON 行：Expecting value: line 1 column 1 (char 0)
2025-05-01 10:19:39,625 - WARNING - 跳過無效 JSON 行：Expecting value: line 1 column 1 (char 0)
2025-05-01 10:19:39,625 - WARNING - 跳過無效 JSON 行：Expecting value: line 1 column 1 (char 0)
2025-05-01 10:19:39,625 - WARNING - 跳過無效 JSON 行：Expecting value: line 1 column 1 (char 0)
2025-05-01 10:19:39,625 - WARNING - 跳過無效 JSON 行：Expecting value: line 1 column 1 (char 0)
2025-05-01 10:19:39,625 - WARNING - 跳過無效 JSON 行：Expecting value: line 1 column 1 (char 0)
2025-05-01 10:19:39,628 - WARNING - 跳過無效 JSON 行：Expecting value: line 1 column 1 (char 0)
2025-05-01 10:19:39,628 - WARNING - 跳過無效 JSON 行：Expecting value: line 1 column 1 (char 0)
2025-05-01 10:19:39,628 - WARNING - 跳過無效 JSON 行：Expecting value: line 1 column 1 (char 0)
2025-05-01 10:19:39,628 - WARNING - 跳過無效 JSON 行：Expecting value: line 1 column 1 (char 0)
2025-05-01 10:19:39,628 - WARNING - 跳過無效 JSON 行：Expecting value: line 1 column 1 (char 0)
2025-05-01 10:19:39,628 - WARNING - 跳過無效 JSON 行：Expecting value: line 1 column 1 (char 0)
2025-05-01 10:19:39,628 - WARNING - 跳過無效 JSON 行：Expecting value: line 1 column 1 (char 0)
2025-05-01 10:19:39,628 - WARNING - 跳過無效 JSON 行：Expecting value: line 1 column 1 (char 0)
2025-05-01 10:19:39,628 - WARNING - 跳過無效 JSON 行：Expecting value: line 1 column 1 (char 0)
2025-05-01 10:19:39,628 - WARNING - 跳過無效 JSON 行：Expecting value: line 1 column 1 (char 0)
2025-05-01 10:19:39,628 - WARNING - 跳過無效 JSON 行：Expecting value: line 1 column 1 (char 0)
2025-05-01 10:19:39,628 - WARNING - 跳過無效 JSON 行：Expecting value: line 1 column 1 (char 0)
2025-05-01 10:19:39,628 - WARNING - 跳過無效 JSON 行：Expecting value: line 1 column 1 (char 0)
2025-05-01 10:19:39,628 - WARNING - 跳過無效 JSON 行：Expecting value: line 1 column 1 (char 0)
2025-05-01 10:19:39,628 - WARNING - 跳過無效 JSON 行：Expecting value: line 1 column 1 (char 0)
2025-05-01 10:19:39,628 - WARNING - 跳過無效 JSON 行：Expecting value: line 1 column 1 (char 0)
2025-05-01 10:19:39,628 - WARNING - 跳過無效 JSON 行：Expecting value: line 1 column 1 (char 0)
2025-05-01 10:19:39,628 - WARNING - 跳過無效 JSON 行：Expecting value: line 1 column 1 (char 0)
2025-05-01 10:19:39,628 - WARNING - 跳過無效 JSON 行：Expecting value: line 1 column 1 (char 0)
2025-05-01 10:19:39,628 - WARNING - 跳過無效 JSON 行：Expecting value: line 1 column 1 (char 0)
2025-05-01 10:19:39,628 - WARNING - 跳過無效 JSON 行：Expecting value: line 1 column 1 (char 0)
2025-05-01 10:19:39,628 - WARNING - 跳過無效 JSON 行：Expecting value: line 1 column 1 (char 0)
2025-05-01 10:19:39,628 - WARNING - 跳過無效 JSON 行：Expecting value: line 1 column 1 (char 0)
2025-05-01 10:19:39,628 - WARNING - 跳過無效 JSON 行：Expecting value: line 1 column 1 (char 0)
2025-05-01 10:19:39,628 - WARNING - 跳過無效 JSON 行：Expecting value: line 1 column 1 (char 0)
2025-05-01 10:19:39,628 - WARNING - 跳過無效 JSON 行：Expecting value: line 1 column 1 (char 0)
2025-05-01 10:19:39,628 - WARNING - 跳過無效 JSON 行：Expecting value: line 1 column 1 (char 0)
2025-05-01 10:19:39,628 - WARNING - 跳過無效 JSON 行：Expecting value: line 1 column 1 (char 0)
2025-05-01 10:19:39,628 - WARNING - 跳過無效 JSON 行：Expecting value: line 1 column 1 (char 0)
2025-05-01 10:19:39,628 - WARNING - 跳過無效 JSON 行：Expecting value: line 1 column 1 (char 0)
2025-05-01 10:19:39,628 - WARNING - 跳過無效 JSON 行：Expecting value: line 1 column 1 (char 0)
2025-05-01 10:19:39,628 - WARNING - 跳過無效 JSON 行：Expecting value: line 1 column 1 (char 0)
2025-05-01 10:19:39,628 - WARNING - 跳過無效 JSON 行：Expecting value: line 1 column 1 (char 0)
2025-05-01 10:19:39,628 - WARNING - 跳過無效 JSON 行：Expecting value: line 1 column 1 (char 0)
2025-05-01 10:19:39,628 - WARNING - 跳過無效 JSON 行：Expecting value: line 1 column 1 (char 0)
2025-05-01 10:19:39,628 - WARNING - 跳過無效 JSON 行：Expecting value: line 1 column 1 (char 0)
2025-05-01 10:19:39,628 - WARNING - 跳過無效 JSON 行：Expecting value: line 1 column 1 (char 0)
2025-05-01 10:19:39,628 - WARNING - 跳過無效 JSON 行：Expecting value: line 1 column 1 (char 0)
2025-05-01 10:19:39,628 - WARNING - 跳過無效 JSON 行：Expecting value: line 1 column 1 (char 0)
2025-05-01 10:19:39,628 - WARNING - 跳過無效 JSON 行：Expecting value: line 1 column 1 (char 0)
2025-05-01 10:19:39,628 - WARNING - 跳過無效 JSON 行：Expecting value: line 1 column 1 (char 0)
2025-05-01 10:19:39,628 - WARNING - 跳過無效 JSON 行：Expecting value: line 1 column 1 (char 0)
2025-05-01 10:19:39,628 - WARNING - 跳過無效 JSON 行：Expecting value: line 1 column 1 (char 0)
2025-05-01 10:19:39,628 - WARNING - 跳過無效 JSON 行：Expecting value: line 1 column 1 (char 0)
2025-05-01 10:19:39,628 - WARNING - 跳過無效 JSON 行：Expecting value: line 1 column 1 (char 0)
2025-05-01 10:19:39,628 - WARNING - 跳過無效 JSON 行：Expecting value: line 1 column 1 (char 0)
2025-05-01 10:19:39,628 - WARNING - 跳過無效 JSON 行：Expecting value: line 1 column 1 (char 0)
2025-05-01 10:19:39,628 - WARNING - 跳過無效 JSON 行：Expecting value: line 1 column 1 (char 0)
2025-05-01 10:19:39,628 - WARNING - 跳過無效 JSON 行：Expecting value: line 1 column 1 (char 0)
2025-05-01 10:19:39,628 - WARNING - 跳過無效 JSON 行：Expecting value: line 1 column 1 (char 0)
2025-05-01 10:19:39,628 - WARNING - 跳過無效 JSON 行：Expecting value: line 1 column 1 (char 0)
2025-05-01 10:19:39,628 - WARNING - 跳過無效 JSON 行：Expecting value: line 1 column 1 (char 0)
2025-05-01 10:19:39,628 - WARNING - 跳過無效 JSON 行：Expecting value: line 1 column 1 (char 0)
2025-05-01 10:19:39,628 - WARNING - 跳過無效 JSON 行：Expecting value: line 1 column 1 (char 0)
2025-05-01 10:19:39,628 - WARNING - 跳過無效 JSON 行：Expecting value: line 1 column 1 (char 0)
2025-05-01 10:19:39,628 - WARNING - 跳過無效 JSON 行：Expecting value: line 1 column 1 (char 0)
2025-05-01 10:19:39,628 - WARNING - 跳過無效 JSON 行：Expecting value: line 1 column 1 (char 0)
2025-05-01 10:19:39,628 - WARNING - 跳過無效 JSON 行：Expecting value: line 1 column 1 (char 0)
2025-05-01 10:19:39,628 - WARNING - 跳過無效 JSON 行：Expecting value: line 1 column 1 (char 0)
2025-05-01 10:19:39,628 - WARNING - 跳過無效 JSON 行：Expecting value: line 1 column 1 (char 0)
2025-05-01 10:19:39,628 - WARNING - 跳過無效 JSON 行：Expecting value: line 1 column 1 (char 0)
2025-05-01 10:19:39,638 - WARNING - 跳過無效 JSON 行：Expecting value: line 1 column 1 (char 0)
2025-05-01 10:19:39,638 - WARNING - 跳過無效 JSON 行：Expecting value: line 1 column 1 (char 0)
2025-05-01 10:19:39,638 - WARNING - 跳過無效 JSON 行：Expecting value: line 1 column 1 (char 0)
2025-05-01 10:19:39,638 - WARNING - 跳過無效 JSON 行：Expecting value: line 1 column 1 (char 0)
2025-05-01 10:19:39,638 - WARNING - 跳過無效 JSON 行：Expecting value: line 1 column 1 (char 0)
2025-05-01 10:19:39,638 - WARNING - 跳過無效 JSON 行：Expecting value: line 1 column 1 (char 0)
2025-05-01 10:19:39,638 - WARNING - 跳過無效 JSON 行：Expecting value: line 1 column 1 (char 0)
2025-05-01 10:19:39,640 - WARNING - 跳過無效 JSON 行：Expecting value: line 1 column 1 (char 0)
2025-05-01 10:19:39,640 - WARNING - 跳過無效 JSON 行：Expecting value: line 1 column 1 (char 0)
2025-05-01 10:19:39,640 - WARNING - 跳過無效 JSON 行：Expecting value: line 1 column 1 (char 0)
2025-05-01 10:19:39,640 - WARNING - 跳過無效 JSON 行：Expecting value: line 1 column 1 (char 0)
2025-05-01 10:19:39,640 - WARNING - 跳過無效 JSON 行：Expecting value: line 1 column 1 (char 0)
2025-05-01 10:19:39,640 - WARNING - 跳過無效 JSON 行：Expecting value: line 1 column 1 (char 0)
2025-05-01 10:19:39,640 - WARNING - 跳過無效 JSON 行：Expecting value: line 1 column 1 (char 0)
2025-05-01 10:19:39,640 - WARNING - 跳過無效 JSON 行：Expecting value: line 1 column 1 (char 0)
2025-05-01 10:19:39,641 - WARNING - 跳過無效 JSON 行：Expecting value: line 1 column 1 (char 0)
2025-05-01 10:19:39,641 - WARNING - 跳過無效 JSON 行：Expecting value: line 1 column 1 (char 0)
2025-05-01 10:19:39,641 - WARNING - 跳過無效 JSON 行：Expecting value: line 1 column 1 (char 0)
2025-05-01 10:19:39,641 - WARNING - 跳過無效 JSON 行：Expecting value: line 1 column 1 (char 0)
2025-05-01 10:19:39,641 - WARNING - 跳過無效 JSON 行：Expecting value: line 1 column 1 (char 0)
2025-05-01 10:19:39,641 - WARNING - 跳過無效 JSON 行：Expecting value: line 1 column 1 (char 0)
2025-05-01 10:19:39,641 - WARNING - 跳過無效 JSON 行：Expecting value: line 1 column 1 (char 0)
2025-05-01 10:19:39,641 - WARNING - 跳過無效 JSON 行：Expecting value: line 1 column 1 (char 0)
2025-05-01 10:19:39,641 - WARNING - 跳過無效 JSON 行：Expecting value: line 1 column 1 (char 0)
2025-05-01 10:19:39,641 - WARNING - 跳過無效 JSON 行：Expecting value: line 1 column 1 (char 0)
2025-05-01 10:19:39,641 - WARNING - 跳過無效 JSON 行：Expecting value: line 1 column 1 (char 0)
2025-05-01 10:19:39,641 - WARNING - 跳過無效 JSON 行：Expecting value: line 1 column 1 (char 0)
2025-05-01 10:19:39,641 - WARNING - 跳過無效 JSON 行：Expecting value: line 1 column 1 (char 0)
2025-05-01 10:19:39,641 - WARNING - 跳過無效 JSON 行：Expecting value: line 1 column 1 (char 0)
2025-05-01 10:19:39,641 - WARNING - 跳過無效 JSON 行：Expecting value: line 1 column 1 (char 0)
2025-05-01 10:19:39,641 - WARNING - 跳過無效 JSON 行：Expecting value: line 1 column 1 (char 0)
2025-05-01 10:19:39,641 - WARNING - 跳過無效 JSON 行：Expecting value: line 1 column 1 (char 0)
2025-05-01 10:19:39,641 - WARNING - 跳過無效 JSON 行：Expecting value: line 1 column 1 (char 0)
2025-05-01 10:19:39,641 - WARNING - 跳過無效 JSON 行：Expecting value: line 1 column 1 (char 0)
2025-05-01 10:19:39,645 - WARNING - 跳過無效 JSON 行：Expecting value: line 1 column 1 (char 0)
2025-05-01 10:19:39,645 - WARNING - 跳過無效 JSON 行：Expecting value: line 1 column 1 (char 0)
2025-05-01 10:19:39,645 - WARNING - 跳過無效 JSON 行：Expecting value: line 1 column 1 (char 0)
2025-05-01 10:19:39,645 - WARNING - 跳過無效 JSON 行：Expecting value: line 1 column 1 (char 0)
2025-05-01 10:19:39,645 - WARNING - 跳過無效 JSON 行：Expecting value: line 1 column 1 (char 0)
2025-05-01 10:19:39,645 - WARNING - 跳過無效 JSON 行：Expecting value: line 1 column 1 (char 0)
2025-05-01 10:19:39,645 - WARNING - 跳過無效 JSON 行：Expecting value: line 1 column 1 (char 0)
2025-05-01 10:19:39,645 - WARNING - 跳過無效 JSON 行：Expecting value: line 1 column 1 (char 0)
2025-05-01 10:19:39,645 - WARNING - 跳過無效 JSON 行：Expecting value: line 1 column 1 (char 0)
2025-05-01 10:19:39,645 - WARNING - 跳過無效 JSON 行：Expecting value: line 1 column 1 (char 0)
2025-05-01 10:19:39,645 - WARNING - 跳過無效 JSON 行：Expecting value: line 1 column 1 (char 0)
2025-05-01 10:19:39,645 - WARNING - 跳過無效 JSON 行：Expecting value: line 1 column 1 (char 0)
2025-05-01 10:19:39,645 - WARNING - 跳過無效 JSON 行：Expecting value: line 1 column 1 (char 0)
2025-05-01 10:19:39,645 - WARNING - 跳過無效 JSON 行：Expecting value: line 1 column 1 (char 0)
2025-05-01 10:19:39,645 - WARNING - 跳過無效 JSON 行：Expecting value: line 1 column 1 (char 0)
2025-05-01 10:19:39,645 - WARNING - 跳過無效 JSON 行：Expecting value: line 1 column 1 (char 0)
2025-05-01 10:19:39,645 - WARNING - 跳過無效 JSON 行：Expecting value: line 1 column 1 (char 0)
2025-05-01 10:19:39,645 - WARNING - 跳過無效 JSON 行：Expecting value: line 1 column 1 (char 0)
2025-05-01 10:19:39,645 - WARNING - 跳過無效 JSON 行：Expecting value: line 1 column 1 (char 0)
2025-05-01 10:19:39,645 - WARNING - 跳過無效 JSON 行：Expecting value: line 1 column 1 (char 0)
2025-05-01 10:19:39,645 - WARNING - 跳過無效 JSON 行：Expecting value: line 1 column 1 (char 0)
2025-05-01 10:19:39,645 - WARNING - 跳過無效 JSON 行：Expecting value: line 1 column 1 (char 0)
2025-05-01 10:19:39,648 - WARNING - 跳過無效 JSON 行：Expecting value: line 1 column 1 (char 0)
2025-05-01 10:19:39,648 - WARNING - 跳過無效 JSON 行：Expecting value: line 1 column 1 (char 0)
2025-05-01 10:19:39,648 - WARNING - 跳過無效 JSON 行：Expecting value: line 1 column 1 (char 0)
2025-05-01 10:19:39,648 - WARNING - 跳過無效 JSON 行：Expecting value: line 1 column 1 (char 0)
2025-05-01 10:19:39,648 - WARNING - 跳過無效 JSON 行：Expecting value: line 1 column 1 (char 0)
2025-05-01 10:19:39,648 - WARNING - 跳過無效 JSON 行：Expecting value: line 1 column 1 (char 0)
2025-05-01 10:19:39,648 - WARNING - 跳過無效 JSON 行：Expecting value: line 1 column 1 (char 0)
2025-05-01 10:19:39,648 - WARNING - 跳過無效 JSON 行：Expecting value: line 1 column 1 (char 0)
2025-05-01 10:19:39,648 - WARNING - 跳過無效 JSON 行：Expecting value: line 1 column 1 (char 0)
2025-05-01 10:19:39,648 - WARNING - 跳過無效 JSON 行：Expecting value: line 1 column 1 (char 0)
2025-05-01 10:19:39,648 - WARNING - 跳過無效 JSON 行：Expecting value: line 1 column 1 (char 0)
2025-05-01 10:19:39,648 - WARNING - 跳過無效 JSON 行：Expecting value: line 1 column 1 (char 0)
2025-05-01 10:19:39,648 - WARNING - 跳過無效 JSON 行：Expecting value: line 1 column 1 (char 0)
2025-05-01 10:19:39,648 - WARNING - 跳過無效 JSON 行：Expecting value: line 1 column 1 (char 0)
2025-05-01 10:19:39,648 - WARNING - 跳過無效 JSON 行：Expecting value: line 1 column 1 (char 0)
2025-05-01 10:19:39,648 - WARNING - 跳過無效 JSON 行：Expecting value: line 1 column 1 (char 0)
2025-05-01 10:19:39,648 - WARNING - 跳過無效 JSON 行：Expecting value: line 1 column 1 (char 0)
2025-05-01 10:19:39,648 - WARNING - 跳過無效 JSON 行：Expecting value: line 1 column 1 (char 0)
2025-05-01 10:19:39,648 - WARNING - 跳過無效 JSON 行：Expecting value: line 1 column 1 (char 0)
2025-05-01 10:19:39,648 - WARNING - 跳過無效 JSON 行：Expecting value: line 1 column 1 (char 0)
2025-05-01 10:19:39,648 - WARNING - 跳過無效 JSON 行：Expecting value: line 1 column 1 (char 0)
2025-05-01 10:19:39,648 - WARNING - 跳過無效 JSON 行：Expecting value: line 1 column 1 (char 0)
2025-05-01 10:19:39,648 - WARNING - 跳過無效 JSON 行：Expecting value: line 1 column 1 (char 0)
2025-05-01 10:19:39,648 - WARNING - 跳過無效 JSON 行：Expecting value: line 1 column 1 (char 0)
2025-05-01 10:19:39,648 - WARNING - 跳過無效 JSON 行：Expecting value: line 1 column 1 (char 0)
2025-05-01 10:19:39,648 - WARNING - 跳過無效 JSON 行：Expecting value: line 1 column 1 (char 0)
2025-05-01 10:19:39,648 - WARNING - 跳過無效 JSON 行：Expecting value: line 1 column 1 (char 0)
2025-05-01 10:19:39,648 - WARNING - 跳過無效 JSON 行：Expecting value: line 1 column 1 (char 0)
2025-05-01 10:19:39,648 - WARNING - 跳過無效 JSON 行：Expecting value: line 1 column 1 (char 0)
2025-05-01 10:19:39,648 - WARNING - 跳過無效 JSON 行：Expecting value: line 1 column 1 (char 0)
2025-05-01 10:19:39,648 - WARNING - 跳過無效 JSON 行：Expecting value: line 1 column 1 (char 0)
2025-05-01 10:19:39,653 - WARNING - 跳過無效 JSON 行：Expecting value: line 1 column 1 (char 0)
2025-05-01 10:19:39,653 - WARNING - 跳過無效 JSON 行：Expecting value: line 1 column 1 (char 0)
2025-05-01 10:19:39,653 - WARNING - 跳過無效 JSON 行：Expecting value: line 1 column 1 (char 0)
2025-05-01 10:19:39,653 - WARNING - 跳過無效 JSON 行：Expecting value: line 1 column 1 (char 0)
2025-05-01 10:19:39,653 - WARNING - 跳過無效 JSON 行：Expecting value: line 1 column 1 (char 0)
2025-05-01 10:19:39,653 - WARNING - 跳過無效 JSON 行：Expecting value: line 1 column 1 (char 0)
2025-05-01 10:19:39,653 - WARNING - 跳過無效 JSON 行：Expecting value: line 1 column 1 (char 0)
2025-05-01 10:19:39,653 - WARNING - 跳過無效 JSON 行：Expecting value: line 1 column 1 (char 0)
2025-05-01 10:19:39,653 - WARNING - 跳過無效 JSON 行：Expecting value: line 1 column 1 (char 0)
2025-05-01 10:19:39,653 - WARNING - 跳過無效 JSON 行：Expecting value: line 1 column 1 (char 0)
2025-05-01 10:19:39,653 - WARNING - 跳過無效 JSON 行：Expecting value: line 1 column 1 (char 0)
2025-05-01 10:19:39,653 - WARNING - 跳過無效 JSON 行：Expecting value: line 1 column 1 (char 0)
2025-05-01 10:19:39,653 - WARNING - 跳過無效 JSON 行：Expecting value: line 1 column 1 (char 0)
2025-05-01 10:19:39,653 - WARNING - 跳過無效 JSON 行：Expecting value: line 1 column 1 (char 0)
2025-05-01 10:19:39,653 - WARNING - 跳過無效 JSON 行：Expecting value: line 1 column 1 (char 0)
2025-05-01 10:19:39,653 - WARNING - 跳過無效 JSON 行：Expecting value: line 1 column 1 (char 0)
2025-05-01 10:19:39,653 - WARNING - 跳過無效 JSON 行：Expecting value: line 1 column 1 (char 0)
2025-05-01 10:19:39,653 - WARNING - 跳過無效 JSON 行：Expecting value: line 1 column 1 (char 0)
2025-05-01 10:19:39,653 - WARNING - 跳過無效 JSON 行：Expecting value: line 1 column 1 (char 0)
2025-05-01 10:19:39,653 - WARNING - 跳過無效 JSON 行：Expecting value: line 1 column 1 (char 0)
2025-05-01 10:19:39,653 - WARNING - 跳過無效 JSON 行：Expecting value: line 1 column 1 (char 0)
2025-05-01 10:19:39,653 - WARNING - 跳過無效 JSON 行：Expecting value: line 1 column 1 (char 0)
2025-05-01 10:19:39,656 - WARNING - 跳過無效 JSON 行：Expecting value: line 1 column 1 (char 0)
2025-05-01 10:19:39,656 - WARNING - 跳過無效 JSON 行：Expecting value: line 1 column 1 (char 0)
2025-05-01 10:19:39,656 - WARNING - 跳過無效 JSON 行：Expecting value: line 1 column 1 (char 0)
2025-05-01 10:19:39,657 - WARNING - 跳過無效 JSON 行：Expecting value: line 1 column 1 (char 0)
2025-05-01 10:19:39,657 - WARNING - 跳過無效 JSON 行：Expecting value: line 1 column 1 (char 0)
2025-05-01 10:19:39,657 - WARNING - 跳過無效 JSON 行：Expecting value: line 1 column 1 (char 0)
2025-05-01 10:19:39,658 - WARNING - 跳過無效 JSON 行：Expecting value: line 1 column 1 (char 0)
2025-05-01 10:19:39,658 - WARNING - 跳過無效 JSON 行：Expecting value: line 1 column 1 (char 0)
2025-05-01 10:19:39,658 - WARNING - 跳過無效 JSON 行：Expecting value: line 1 column 1 (char 0)
2025-05-01 10:19:39,658 - WARNING - 跳過無效 JSON 行：Expecting value: line 1 column 1 (char 0)
2025-05-01 10:19:39,658 - WARNING - 跳過無效 JSON 行：Expecting value: line 1 column 1 (char 0)
2025-05-01 10:19:39,658 - WARNING - 跳過無效 JSON 行：Expecting value: line 1 column 1 (char 0)
2025-05-01 10:19:39,658 - WARNING - 跳過無效 JSON 行：Expecting value: line 1 column 1 (char 0)
2025-05-01 10:19:39,658 - WARNING - 跳過無效 JSON 行：Expecting value: line 1 column 1 (char 0)
2025-05-01 10:19:39,659 - WARNING - 跳過無效 JSON 行：Expecting value: line 1 column 1 (char 0)
2025-05-01 10:19:39,659 - WARNING - 跳過無效 JSON 行：Expecting value: line 1 column 1 (char 0)
2025-05-01 10:19:39,659 - WARNING - 跳過無效 JSON 行：Expecting value: line 1 column 1 (char 0)
2025-05-01 10:19:39,659 - WARNING - 跳過無效 JSON 行：Expecting value: line 1 column 1 (char 0)
2025-05-01 10:19:39,659 - WARNING - 跳過無效 JSON 行：Expecting value: line 1 column 1 (char 0)
2025-05-01 10:19:39,659 - WARNING - 跳過無效 JSON 行：Expecting value: line 1 column 1 (char 0)
2025-05-01 10:19:39,659 - WARNING - 跳過無效 JSON 行：Expecting value: line 1 column 1 (char 0)
2025-05-01 10:19:39,659 - WARNING - 跳過無效 JSON 行：Expecting value: line 1 column 1 (char 0)
2025-05-01 10:19:39,659 - WARNING - 跳過無效 JSON 行：Expecting value: line 1 column 1 (char 0)
2025-05-01 10:19:39,659 - WARNING - 跳過無效 JSON 行：Expecting value: line 1 column 1 (char 0)
2025-05-01 10:19:39,659 - WARNING - 跳過無效 JSON 行：Expecting value: line 1 column 1 (char 0)
2025-05-01 10:19:39,659 - WARNING - 跳過無效 JSON 行：Expecting value: line 1 column 1 (char 0)
2025-05-01 10:19:39,659 - WARNING - 跳過無效 JSON 行：Expecting value: line 1 column 1 (char 0)
2025-05-01 10:19:39,659 - WARNING - 跳過無效 JSON 行：Expecting value: line 1 column 1 (char 0)
2025-05-01 10:19:39,659 - WARNING - 跳過無效 JSON 行：Expecting value: line 1 column 1 (char 0)
2025-05-01 10:19:39,659 - WARNING - 跳過無效 JSON 行：Expecting value: line 1 column 1 (char 0)
2025-05-01 10:19:39,659 - WARNING - 跳過無效 JSON 行：Expecting value: line 1 column 1 (char 0)
2025-05-01 10:19:39,659 - WARNING - 跳過無效 JSON 行：Expecting value: line 1 column 1 (char 0)
2025-05-01 10:19:39,659 - WARNING - 跳過無效 JSON 行：Expecting value: line 1 column 1 (char 0)
2025-05-01 10:19:39,659 - WARNING - 跳過無效 JSON 行：Expecting value: line 1 column 1 (char 0)
2025-05-01 10:19:39,659 - WARNING - 跳過無效 JSON 行：Expecting value: line 1 column 1 (char 0)
2025-05-01 10:19:39,659 - WARNING - 跳過無效 JSON 行：Expecting value: line 1 column 1 (char 0)
2025-05-01 10:19:39,659 - WARNING - 跳過無效 JSON 行：Expecting value: line 1 column 1 (char 0)
2025-05-01 10:19:39,659 - WARNING - 跳過無效 JSON 行：Expecting value: line 1 column 1 (char 0)
2025-05-01 10:19:39,659 - WARNING - 跳過無效 JSON 行：Expecting value: line 1 column 1 (char 0)
2025-05-01 10:19:39,659 - WARNING - 跳過無效 JSON 行：Expecting value: line 1 column 1 (char 0)
2025-05-01 10:19:39,659 - WARNING - 跳過無效 JSON 行：Expecting value: line 1 column 1 (char 0)
2025-05-01 10:19:39,659 - WARNING - 跳過無效 JSON 行：Expecting value: line 1 column 1 (char 0)
2025-05-01 10:19:39,659 - WARNING - 跳過無效 JSON 行：Expecting value: line 1 column 1 (char 0)
2025-05-01 10:19:39,659 - WARNING - 跳過無效 JSON 行：Expecting value: line 1 column 1 (char 0)
2025-05-01 10:19:39,659 - WARNING - 跳過無效 JSON 行：Expecting value: line 1 column 1 (char 0)
2025-05-01 10:19:39,659 - WARNING - 跳過無效 JSON 行：Expecting value: line 1 column 1 (char 0)
2025-05-01 10:19:39,659 - WARNING - 跳過無效 JSON 行：Expecting value: line 1 column 1 (char 0)
2025-05-01 10:19:39,659 - WARNING - 跳過無效 JSON 行：Expecting value: line 1 column 1 (char 0)
2025-05-01 10:19:39,659 - WARNING - 跳過無效 JSON 行：Expecting value: line 1 column 1 (char 0)
2025-05-01 10:19:39,659 - WARNING - 跳過無效 JSON 行：Expecting value: line 1 column 1 (char 0)
2025-05-01 10:19:39,659 - WARNING - 跳過無效 JSON 行：Expecting value: line 1 column 1 (char 0)
2025-05-01 10:19:39,659 - WARNING - 跳過無效 JSON 行：Expecting value: line 1 column 1 (char 0)
2025-05-01 10:19:39,659 - WARNING - 跳過無效 JSON 行：Expecting value: line 1 column 1 (char 0)
2025-05-01 10:19:39,659 - WARNING - 跳過無效 JSON 行：Expecting value: line 1 column 1 (char 0)
2025-05-01 10:19:39,659 - WARNING - 跳過無效 JSON 行：Expecting value: line 1 column 1 (char 0)
2025-05-01 10:19:39,659 - WARNING - 跳過無效 JSON 行：Expecting value: line 1 column 1 (char 0)
2025-05-01 10:19:39,659 - WARNING - 跳過無效 JSON 行：Expecting value: line 1 column 1 (char 0)
2025-05-01 10:19:39,659 - WARNING - 跳過無效 JSON 行：Expecting value: line 1 column 1 (char 0)
2025-05-01 10:19:39,659 - WARNING - 跳過無效 JSON 行：Expecting value: line 1 column 1 (char 0)
2025-05-01 10:19:39,659 - WARNING - 跳過無效 JSON 行：Expecting value: line 1 column 1 (char 0)
2025-05-01 10:19:39,659 - WARNING - 跳過無效 JSON 行：Expecting value: line 1 column 1 (char 0)
2025-05-01 10:19:39,659 - WARNING - 跳過無效 JSON 行：Expecting value: line 1 column 1 (char 0)
2025-05-01 10:19:39,659 - WARNING - 跳過無效 JSON 行：Expecting value: line 1 column 1 (char 0)
2025-05-01 10:19:39,659 - WARNING - 跳過無效 JSON 行：Expecting value: line 1 column 1 (char 0)
2025-05-01 10:19:39,659 - WARNING - 跳過無效 JSON 行：Expecting value: line 1 column 1 (char 0)
2025-05-01 10:19:39,659 - WARNING - 跳過無效 JSON 行：Expecting value: line 1 column 1 (char 0)
2025-05-01 10:19:39,659 - WARNING - 跳過無效 JSON 行：Expecting value: line 1 column 1 (char 0)
2025-05-01 10:19:39,659 - WARNING - 跳過無效 JSON 行：Expecting value: line 1 column 1 (char 0)
2025-05-01 10:19:39,659 - WARNING - 跳過無效 JSON 行：Expecting value: line 1 column 1 (char 0)
2025-05-01 10:19:39,659 - WARNING - 跳過無效 JSON 行：Expecting value: line 1 column 1 (char 0)
2025-05-01 10:19:39,659 - WARNING - 跳過無效 JSON 行：Expecting value: line 1 column 1 (char 0)
2025-05-01 10:19:39,659 - WARNING - 跳過無效 JSON 行：Expecting value: line 1 column 1 (char 0)
2025-05-01 10:19:39,659 - WARNING - 跳過無效 JSON 行：Expecting value: line 1 column 1 (char 0)
2025-05-01 10:19:39,659 - WARNING - 跳過無效 JSON 行：Expecting value: line 1 column 1 (char 0)
2025-05-01 10:19:39,659 - WARNING - 跳過無效 JSON 行：Expecting value: line 1 column 1 (char 0)
2025-05-01 10:19:39,659 - WARNING - 跳過無效 JSON 行：Expecting value: line 1 column 1 (char 0)
2025-05-01 10:19:39,659 - WARNING - 跳過無效 JSON 行：Expecting value: line 1 column 1 (char 0)
2025-05-01 10:19:39,659 - WARNING - 跳過無效 JSON 行：Expecting value: line 1 column 1 (char 0)
2025-05-01 10:19:39,659 - WARNING - 跳過無效 JSON 行：Expecting value: line 1 column 1 (char 0)
2025-05-01 10:19:39,659 - WARNING - 跳過無效 JSON 行：Expecting value: line 1 column 1 (char 0)
2025-05-01 10:19:39,659 - WARNING - 跳過無效 JSON 行：Expecting value: line 1 column 1 (char 0)
2025-05-01 10:19:39,659 - WARNING - 跳過無效 JSON 行：Expecting value: line 1 column 1 (char 0)
2025-05-01 10:19:39,659 - WARNING - 跳過無效 JSON 行：Expecting value: line 1 column 1 (char 0)
2025-05-01 10:19:39,659 - WARNING - 跳過無效 JSON 行：Expecting value: line 1 column 1 (char 0)
2025-05-01 10:19:39,659 - WARNING - 跳過無效 JSON 行：Expecting value: line 1 column 1 (char 0)
2025-05-01 10:19:39,659 - WARNING - 跳過無效 JSON 行：Expecting value: line 1 column 1 (char 0)
2025-05-01 10:19:39,659 - WARNING - 跳過無效 JSON 行：Expecting value: line 1 column 1 (char 0)
2025-05-01 10:19:39,669 - WARNING - 跳過無效 JSON 行：Expecting value: line 1 column 1 (char 0)
2025-05-01 10:19:39,669 - WARNING - 跳過無效 JSON 行：Expecting value: line 1 column 1 (char 0)
2025-05-01 10:19:39,669 - WARNING - 跳過無效 JSON 行：Expecting value: line 1 column 1 (char 0)
2025-05-01 10:19:39,669 - WARNING - 跳過無效 JSON 行：Expecting value: line 1 column 1 (char 0)
2025-05-01 10:19:39,669 - WARNING - 跳過無效 JSON 行：Expecting value: line 1 column 1 (char 0)
2025-05-01 10:19:39,669 - WARNING - 跳過無效 JSON 行：Expecting value: line 1 column 1 (char 0)
2025-05-01 10:19:39,669 - WARNING - 跳過無效 JSON 行：Expecting value: line 1 column 1 (char 0)
2025-05-01 10:19:39,669 - WARNING - 跳過無效 JSON 行：Expecting value: line 1 column 1 (char 0)
2025-05-01 10:19:39,669 - WARNING - 跳過無效 JSON 行：Expecting value: line 1 column 1 (char 0)
2025-05-01 10:19:39,669 - WARNING - 跳過無效 JSON 行：Expecting value: line 1 column 1 (char 0)
2025-05-01 10:19:39,669 - WARNING - 跳過無效 JSON 行：Expecting value: line 1 column 1 (char 0)
2025-05-01 10:19:39,669 - WARNING - 跳過無效 JSON 行：Expecting value: line 1 column 1 (char 0)
2025-05-01 10:19:39,669 - WARNING - 跳過無效 JSON 行：Expecting value: line 1 column 1 (char 0)
2025-05-01 10:19:39,669 - WARNING - 跳過無效 JSON 行：Expecting value: line 1 column 1 (char 0)
2025-05-01 10:19:39,669 - WARNING - 跳過無效 JSON 行：Expecting value: line 1 column 1 (char 0)
2025-05-01 10:19:39,669 - WARNING - 跳過無效 JSON 行：Expecting value: line 1 column 1 (char 0)
2025-05-01 10:19:39,669 - WARNING - 跳過無效 JSON 行：Expecting value: line 1 column 1 (char 0)
2025-05-01 10:19:39,669 - WARNING - 跳過無效 JSON 行：Expecting value: line 1 column 1 (char 0)
2025-05-01 10:19:39,669 - WARNING - 跳過無效 JSON 行：Expecting value: line 1 column 1 (char 0)
2025-05-01 10:19:39,669 - WARNING - 跳過無效 JSON 行：Expecting value: line 1 column 1 (char 0)
2025-05-01 10:19:39,669 - WARNING - 跳過無效 JSON 行：Expecting value: line 1 column 1 (char 0)
2025-05-01 10:19:39,669 - WARNING - 跳過無效 JSON 行：Expecting value: line 1 column 1 (char 0)
2025-05-01 10:19:39,669 - WARNING - 跳過無效 JSON 行：Expecting value: line 1 column 1 (char 0)
2025-05-01 10:19:39,669 - WARNING - 跳過無效 JSON 行：Expecting value: line 1 column 1 (char 0)
2025-05-01 10:19:39,669 - WARNING - 跳過無效 JSON 行：Expecting value: line 1 column 1 (char 0)
2025-05-01 10:19:39,669 - WARNING - 跳過無效 JSON 行：Expecting value: line 1 column 1 (char 0)
2025-05-01 10:19:39,669 - WARNING - 跳過無效 JSON 行：Expecting value: line 1 column 1 (char 0)
2025-05-01 10:19:39,669 - WARNING - 跳過無效 JSON 行：Expecting value: line 1 column 1 (char 0)
2025-05-01 10:19:39,669 - WARNING - 跳過無效 JSON 行：Expecting value: line 1 column 1 (char 0)
2025-05-01 10:19:39,669 - WARNING - 跳過無效 JSON 行：Expecting value: line 1 column 1 (char 0)
2025-05-01 10:19:39,673 - WARNING - 跳過無效 JSON 行：Expecting value: line 1 column 1 (char 0)
2025-05-01 10:19:39,673 - WARNING - 跳過無效 JSON 行：Expecting value: line 1 column 1 (char 0)
2025-05-01 10:19:39,673 - WARNING - 跳過無效 JSON 行：Expecting value: line 1 column 1 (char 0)
2025-05-01 10:19:39,673 - WARNING - 跳過無效 JSON 行：Expecting value: line 1 column 1 (char 0)
2025-05-01 10:19:39,673 - WARNING - 跳過無效 JSON 行：Expecting value: line 1 column 1 (char 0)
2025-05-01 10:19:39,674 - WARNING - 跳過無效 JSON 行：Expecting value: line 1 column 1 (char 0)
2025-05-01 10:19:39,674 - WARNING - 跳過無效 JSON 行：Expecting value: line 1 column 1 (char 0)
2025-05-01 10:19:39,674 - WARNING - 跳過無效 JSON 行：Expecting value: line 1 column 1 (char 0)
2025-05-01 10:19:39,674 - WARNING - 跳過無效 JSON 行：Expecting value: line 1 column 1 (char 0)
2025-05-01 10:19:39,674 - WARNING - 跳過無效 JSON 行：Expecting value: line 1 column 1 (char 0)
2025-05-01 10:19:39,674 - WARNING - 跳過無效 JSON 行：Expecting value: line 1 column 1 (char 0)
2025-05-01 10:19:39,674 - WARNING - 跳過無效 JSON 行：Expecting value: line 1 column 1 (char 0)
2025-05-01 10:19:39,674 - WARNING - 跳過無效 JSON 行：Expecting value: line 1 column 1 (char 0)
2025-05-01 10:19:39,674 - WARNING - 跳過無效 JSON 行：Expecting value: line 1 column 1 (char 0)
2025-05-01 10:19:39,674 - WARNING - 跳過無效 JSON 行：Expecting value: line 1 column 1 (char 0)
2025-05-01 10:19:39,674 - WARNING - 跳過無效 JSON 行：Expecting value: line 1 column 1 (char 0)
2025-05-01 10:19:39,674 - WARNING - 跳過無效 JSON 行：Expecting value: line 1 column 1 (char 0)
2025-05-01 10:19:39,674 - WARNING - 跳過無效 JSON 行：Expecting value: line 1 column 1 (char 0)
2025-05-01 10:19:39,674 - WARNING - 跳過無效 JSON 行：Expecting value: line 1 column 1 (char 0)
2025-05-01 10:19:39,674 - WARNING - 跳過無效 JSON 行：Expecting value: line 1 column 1 (char 0)
2025-05-01 10:19:39,674 - WARNING - 跳過無效 JSON 行：Expecting value: line 1 column 1 (char 0)
2025-05-01 10:19:39,674 - WARNING - 跳過無效 JSON 行：Expecting value: line 1 column 1 (char 0)
2025-05-01 10:19:39,674 - WARNING - 跳過無效 JSON 行：Expecting value: line 1 column 1 (char 0)
2025-05-01 10:19:39,674 - WARNING - 跳過無效 JSON 行：Expecting value: line 1 column 1 (char 0)
2025-05-01 10:19:39,674 - WARNING - 跳過無效 JSON 行：Expecting value: line 1 column 1 (char 0)
2025-05-01 10:19:39,674 - WARNING - 跳過無效 JSON 行：Expecting value: line 1 column 1 (char 0)
2025-05-01 10:19:39,674 - WARNING - 跳過無效 JSON 行：Expecting value: line 1 column 1 (char 0)
2025-05-01 10:19:39,674 - WARNING - 跳過無效 JSON 行：Expecting value: line 1 column 1 (char 0)
2025-05-01 10:19:39,674 - WARNING - 跳過無效 JSON 行：Expecting value: line 1 column 1 (char 0)
2025-05-01 10:19:39,674 - WARNING - 跳過無效 JSON 行：Expecting value: line 1 column 1 (char 0)
2025-05-01 10:19:39,674 - WARNING - 跳過無效 JSON 行：Expecting value: line 1 column 1 (char 0)
2025-05-01 10:19:39,674 - WARNING - 跳過無效 JSON 行：Expecting value: line 1 column 1 (char 0)
2025-05-01 10:19:39,674 - WARNING - 跳過無效 JSON 行：Expecting value: line 1 column 1 (char 0)
2025-05-01 10:19:39,674 - WARNING - 跳過無效 JSON 行：Expecting value: line 1 column 1 (char 0)
2025-05-01 10:19:39,674 - WARNING - 跳過無效 JSON 行：Expecting value: line 1 column 1 (char 0)
2025-05-01 10:19:39,674 - WARNING - 跳過無效 JSON 行：Expecting value: line 1 column 1 (char 0)
2025-05-01 10:19:39,674 - WARNING - 跳過無效 JSON 行：Expecting value: line 1 column 1 (char 0)
2025-05-01 10:19:39,674 - WARNING - 跳過無效 JSON 行：Expecting value: line 1 column 1 (char 0)
2025-05-01 10:19:39,674 - WARNING - 跳過無效 JSON 行：Expecting value: line 1 column 1 (char 0)
2025-05-01 10:19:39,679 - WARNING - 跳過無效 JSON 行：Expecting value: line 1 column 1 (char 0)
2025-05-01 10:19:39,679 - WARNING - 跳過無效 JSON 行：Expecting value: line 1 column 1 (char 0)
2025-05-01 10:19:39,679 - WARNING - 跳過無效 JSON 行：Expecting value: line 1 column 1 (char 0)
2025-05-01 10:19:39,679 - WARNING - 跳過無效 JSON 行：Expecting value: line 1 column 1 (char 0)
2025-05-01 10:19:39,679 - WARNING - 跳過無效 JSON 行：Expecting value: line 1 column 1 (char 0)
2025-05-01 10:19:39,679 - WARNING - 跳過無效 JSON 行：Expecting value: line 1 column 1 (char 0)
2025-05-01 10:19:39,679 - WARNING - 跳過無效 JSON 行：Expecting value: line 1 column 1 (char 0)
2025-05-01 10:19:39,679 - WARNING - 跳過無效 JSON 行：Expecting value: line 1 column 1 (char 0)
2025-05-01 10:19:39,679 - WARNING - 跳過無效 JSON 行：Expecting value: line 1 column 1 (char 0)
2025-05-01 10:19:39,679 - WARNING - 跳過無效 JSON 行：Expecting value: line 1 column 1 (char 0)
2025-05-01 10:19:39,679 - WARNING - 跳過無效 JSON 行：Expecting value: line 1 column 1 (char 0)
2025-05-01 10:19:39,679 - WARNING - 跳過無效 JSON 行：Expecting value: line 1 column 1 (char 0)
2025-05-01 10:19:39,679 - WARNING - 跳過無效 JSON 行：Expecting value: line 1 column 1 (char 0)
2025-05-01 10:19:39,679 - WARNING - 跳過無效 JSON 行：Expecting value: line 1 column 1 (char 0)
2025-05-01 10:19:39,679 - WARNING - 跳過無效 JSON 行：Expecting value: line 1 column 1 (char 0)
2025-05-01 10:19:39,679 - WARNING - 跳過無效 JSON 行：Expecting value: line 1 column 1 (char 0)
2025-05-01 10:19:39,679 - WARNING - 跳過無效 JSON 行：Expecting value: line 1 column 1 (char 0)
2025-05-01 10:19:39,679 - WARNING - 跳過無效 JSON 行：Expecting value: line 1 column 1 (char 0)
2025-05-01 10:19:39,679 - WARNING - 跳過無效 JSON 行：Expecting value: line 1 column 1 (char 0)
2025-05-01 10:19:39,679 - WARNING - 跳過無效 JSON 行：Expecting value: line 1 column 1 (char 0)
2025-05-01 10:19:39,679 - WARNING - 跳過無效 JSON 行：Expecting value: line 1 column 1 (char 0)
2025-05-01 10:19:39,679 - WARNING - 跳過無效 JSON 行：Expecting value: line 1 column 1 (char 0)
2025-05-01 10:19:39,679 - WARNING - 跳過無效 JSON 行：Expecting value: line 1 column 1 (char 0)
2025-05-01 10:19:39,679 - WARNING - 跳過無效 JSON 行：Expecting value: line 1 column 1 (char 0)
2025-05-01 10:19:39,679 - WARNING - 跳過無效 JSON 行：Expecting value: line 1 column 1 (char 0)
2025-05-01 10:19:39,679 - WARNING - 跳過無效 JSON 行：Expecting value: line 1 column 1 (char 0)
2025-05-01 10:19:39,679 - WARNING - 跳過無效 JSON 行：Expecting value: line 1 column 1 (char 0)
2025-05-01 10:19:39,679 - WARNING - 跳過無效 JSON 行：Expecting value: line 1 column 1 (char 0)
2025-05-01 10:19:39,679 - WARNING - 跳過無效 JSON 行：Expecting value: line 1 column 1 (char 0)
2025-05-01 10:19:39,679 - WARNING - 跳過無效 JSON 行：Expecting value: line 1 column 1 (char 0)
2025-05-01 10:19:39,679 - WARNING - 跳過無效 JSON 行：Expecting value: line 1 column 1 (char 0)
2025-05-01 10:19:39,679 - WARNING - 跳過無效 JSON 行：Expecting value: line 1 column 1 (char 0)
2025-05-01 10:19:39,679 - WARNING - 跳過無效 JSON 行：Expecting value: line 1 column 1 (char 0)
2025-05-01 10:19:39,679 - WARNING - 跳過無效 JSON 行：Expecting value: line 1 column 1 (char 0)
2025-05-01 10:19:39,679 - WARNING - 跳過無效 JSON 行：Expecting value: line 1 column 1 (char 0)
2025-05-01 10:19:39,679 - WARNING - 跳過無效 JSON 行：Expecting value: line 1 column 1 (char 0)
2025-05-01 10:19:39,679 - WARNING - 跳過無效 JSON 行：Expecting value: line 1 column 1 (char 0)
2025-05-01 10:19:39,679 - WARNING - 跳過無效 JSON 行：Expecting value: line 1 column 1 (char 0)
2025-05-01 10:19:39,679 - WARNING - 跳過無效 JSON 行：Expecting value: line 1 column 1 (char 0)
2025-05-01 10:19:39,679 - WARNING - 跳過無效 JSON 行：Expecting value: line 1 column 1 (char 0)
2025-05-01 10:19:39,679 - WARNING - 跳過無效 JSON 行：Expecting value: line 1 column 1 (char 0)
2025-05-01 10:19:39,679 - WARNING - 跳過無效 JSON 行：Expecting value: line 1 column 1 (char 0)
2025-05-01 10:19:39,679 - WARNING - 跳過無效 JSON 行：Expecting value: line 1 column 1 (char 0)
2025-05-01 10:19:39,679 - WARNING - 跳過無效 JSON 行：Expecting value: line 1 column 1 (char 0)
2025-05-01 10:19:39,679 - WARNING - 跳過無效 JSON 行：Expecting value: line 1 column 1 (char 0)
2025-05-01 10:19:39,679 - WARNING - 跳過無效 JSON 行：Expecting value: line 1 column 1 (char 0)
2025-05-01 10:19:39,679 - WARNING - 跳過無效 JSON 行：Expecting value: line 1 column 1 (char 0)
2025-05-01 10:19:39,679 - WARNING - 跳過無效 JSON 行：Expecting value: line 1 column 1 (char 0)
2025-05-01 10:19:39,679 - WARNING - 跳過無效 JSON 行：Expecting value: line 1 column 1 (char 0)
2025-05-01 10:19:39,679 - WARNING - 跳過無效 JSON 行：Expecting value: line 1 column 1 (char 0)
2025-05-01 10:19:39,679 - WARNING - 跳過無效 JSON 行：Expecting value: line 1 column 1 (char 0)
2025-05-01 10:19:39,679 - WARNING - 跳過無效 JSON 行：Expecting value: line 1 column 1 (char 0)
2025-05-01 10:19:39,679 - WARNING - 跳過無效 JSON 行：Expecting value: line 1 column 1 (char 0)
2025-05-01 10:19:39,679 - WARNING - 跳過無效 JSON 行：Expecting value: line 1 column 1 (char 0)
2025-05-01 10:19:39,679 - WARNING - 跳過無效 JSON 行：Expecting value: line 1 column 1 (char 0)
2025-05-01 10:19:39,679 - WARNING - 跳過無效 JSON 行：Expecting value: line 1 column 1 (char 0)
2025-05-01 10:19:39,679 - WARNING - 跳過無效 JSON 行：Expecting value: line 1 column 1 (char 0)
2025-05-01 10:19:39,679 - WARNING - 跳過無效 JSON 行：Expecting value: line 1 column 1 (char 0)
2025-05-01 10:19:39,679 - WARNING - 跳過無效 JSON 行：Expecting value: line 1 column 1 (char 0)
2025-05-01 10:19:39,679 - WARNING - 跳過無效 JSON 行：Expecting value: line 1 column 1 (char 0)
2025-05-01 10:19:39,679 - WARNING - 跳過無效 JSON 行：Expecting value: line 1 column 1 (char 0)
2025-05-01 10:19:39,679 - WARNING - 跳過無效 JSON 行：Expecting value: line 1 column 1 (char 0)
2025-05-01 10:19:39,679 - WARNING - 跳過無效 JSON 行：Expecting value: line 1 column 1 (char 0)
2025-05-01 10:19:39,679 - WARNING - 跳過無效 JSON 行：Expecting value: line 1 column 1 (char 0)
2025-05-01 10:19:39,679 - WARNING - 跳過無效 JSON 行：Expecting value: line 1 column 1 (char 0)
2025-05-01 10:19:39,679 - WARNING - 跳過無效 JSON 行：Expecting value: line 1 column 1 (char 0)
2025-05-01 10:19:39,679 - WARNING - 跳過無效 JSON 行：Expecting value: line 1 column 1 (char 0)
2025-05-01 10:19:39,679 - WARNING - 跳過無效 JSON 行：Expecting value: line 1 column 1 (char 0)
2025-05-01 10:19:39,679 - WARNING - 跳過無效 JSON 行：Expecting value: line 1 column 1 (char 0)
2025-05-01 10:19:39,689 - WARNING - 跳過無效 JSON 行：Expecting value: line 1 column 1 (char 0)
2025-05-01 10:19:39,689 - WARNING - 跳過無效 JSON 行：Expecting value: line 1 column 1 (char 0)
2025-05-01 10:19:39,689 - WARNING - 跳過無效 JSON 行：Expecting value: line 1 column 1 (char 0)
2025-05-01 10:19:39,689 - WARNING - 跳過無效 JSON 行：Expecting value: line 1 column 1 (char 0)
2025-05-01 10:19:39,689 - WARNING - 跳過無效 JSON 行：Expecting value: line 1 column 1 (char 0)
2025-05-01 10:19:39,689 - WARNING - 跳過無效 JSON 行：Expecting value: line 1 column 1 (char 0)
2025-05-01 10:19:39,689 - WARNING - 跳過無效 JSON 行：Expecting value: line 1 column 1 (char 0)
2025-05-01 10:19:39,690 - WARNING - 跳過無效 JSON 行：Expecting value: line 1 column 1 (char 0)
2025-05-01 10:19:39,690 - WARNING - 跳過無效 JSON 行：Expecting value: line 1 column 1 (char 0)
2025-05-01 10:19:39,690 - WARNING - 跳過無效 JSON 行：Expecting value: line 1 column 1 (char 0)
2025-05-01 10:19:39,690 - WARNING - 跳過無效 JSON 行：Expecting value: line 1 column 1 (char 0)
2025-05-01 10:19:39,690 - WARNING - 跳過無效 JSON 行：Expecting value: line 1 column 1 (char 0)
2025-05-01 10:19:39,690 - WARNING - 跳過無效 JSON 行：Expecting value: line 1 column 1 (char 0)
2025-05-01 10:19:39,690 - WARNING - 跳過無效 JSON 行：Expecting value: line 1 column 1 (char 0)
2025-05-01 10:19:39,691 - WARNING - 跳過無效 JSON 行：Expecting value: line 1 column 1 (char 0)
2025-05-01 10:19:39,691 - WARNING - 跳過無效 JSON 行：Expecting value: line 1 column 1 (char 0)
2025-05-01 10:19:39,691 - WARNING - 跳過無效 JSON 行：Expecting value: line 1 column 1 (char 0)
2025-05-01 10:19:39,691 - WARNING - 跳過無效 JSON 行：Expecting value: line 1 column 1 (char 0)
2025-05-01 10:19:39,691 - WARNING - 跳過無效 JSON 行：Expecting value: line 1 column 1 (char 0)
2025-05-01 10:19:39,691 - WARNING - 跳過無效 JSON 行：Expecting value: line 1 column 1 (char 0)
2025-05-01 10:19:39,691 - WARNING - 跳過無效 JSON 行：Expecting value: line 1 column 1 (char 0)
2025-05-01 10:19:39,691 - WARNING - 跳過無效 JSON 行：Expecting value: line 1 column 1 (char 0)
2025-05-01 10:19:39,691 - WARNING - 跳過無效 JSON 行：Expecting value: line 1 column 1 (char 0)
2025-05-01 10:19:39,691 - WARNING - 跳過無效 JSON 行：Expecting value: line 1 column 1 (char 0)
2025-05-01 10:19:39,691 - WARNING - 跳過無效 JSON 行：Expecting value: line 1 column 1 (char 0)
2025-05-01 10:19:39,691 - WARNING - 跳過無效 JSON 行：Expecting value: line 1 column 1 (char 0)
2025-05-01 10:19:39,691 - WARNING - 跳過無效 JSON 行：Expecting value: line 1 column 1 (char 0)
2025-05-01 10:19:39,691 - WARNING - 跳過無效 JSON 行：Expecting value: line 1 column 1 (char 0)
2025-05-01 10:19:39,691 - WARNING - 跳過無效 JSON 行：Expecting value: line 1 column 1 (char 0)
2025-05-01 10:19:39,691 - WARNING - 跳過無效 JSON 行：Expecting value: line 1 column 1 (char 0)
2025-05-01 10:19:39,691 - WARNING - 跳過無效 JSON 行：Expecting value: line 1 column 1 (char 0)
2025-05-01 10:19:39,691 - WARNING - 跳過無效 JSON 行：Expecting value: line 1 column 1 (char 0)
2025-05-01 10:19:39,691 - WARNING - 跳過無效 JSON 行：Expecting value: line 1 column 1 (char 0)
2025-05-01 10:19:39,691 - WARNING - 跳過無效 JSON 行：Expecting value: line 1 column 1 (char 0)
2025-05-01 10:19:39,691 - WARNING - 跳過無效 JSON 行：Expecting value: line 1 column 1 (char 0)
2025-05-01 10:19:39,691 - WARNING - 跳過無效 JSON 行：Expecting value: line 1 column 1 (char 0)
2025-05-01 10:19:39,691 - WARNING - 跳過無效 JSON 行：Expecting value: line 1 column 1 (char 0)
2025-05-01 10:19:39,691 - WARNING - 跳過無效 JSON 行：Expecting value: line 1 column 1 (char 0)
2025-05-01 10:19:39,691 - WARNING - 跳過無效 JSON 行：Expecting value: line 1 column 1 (char 0)
2025-05-01 10:19:39,691 - WARNING - 跳過無效 JSON 行：Expecting value: line 1 column 1 (char 0)
2025-05-01 10:19:39,691 - WARNING - 跳過無效 JSON 行：Expecting value: line 1 column 1 (char 0)
2025-05-01 10:19:39,691 - WARNING - 跳過無效 JSON 行：Expecting value: line 1 column 1 (char 0)
2025-05-01 10:19:39,691 - WARNING - 跳過無效 JSON 行：Expecting value: line 1 column 1 (char 0)
2025-05-01 10:19:39,691 - WARNING - 跳過無效 JSON 行：Expecting value: line 1 column 1 (char 0)
2025-05-01 10:19:39,691 - WARNING - 跳過無效 JSON 行：Expecting value: line 1 column 1 (char 0)
2025-05-01 10:19:39,691 - WARNING - 跳過無效 JSON 行：Expecting value: line 1 column 1 (char 0)
2025-05-01 10:19:39,691 - WARNING - 跳過無效 JSON 行：Expecting value: line 1 column 1 (char 0)
2025-05-01 10:19:39,691 - WARNING - 跳過無效 JSON 行：Expecting value: line 1 column 1 (char 0)
2025-05-01 10:19:39,691 - WARNING - 跳過無效 JSON 行：Expecting value: line 1 column 1 (char 0)
2025-05-01 10:19:39,691 - WARNING - 跳過無效 JSON 行：Expecting value: line 1 column 1 (char 0)
2025-05-01 10:19:39,691 - WARNING - 跳過無效 JSON 行：Expecting value: line 1 column 1 (char 0)
2025-05-01 10:19:39,691 - WARNING - 跳過無效 JSON 行：Expecting value: line 1 column 1 (char 0)
2025-05-01 10:19:39,691 - WARNING - 跳過無效 JSON 行：Expecting value: line 1 column 1 (char 0)
2025-05-01 10:19:39,691 - WARNING - 跳過無效 JSON 行：Expecting value: line 1 column 1 (char 0)
2025-05-01 10:19:39,691 - WARNING - 跳過無效 JSON 行：Expecting value: line 1 column 1 (char 0)
2025-05-01 10:19:39,691 - WARNING - 跳過無效 JSON 行：Expecting value: line 1 column 1 (char 0)
2025-05-01 10:19:39,691 - WARNING - 跳過無效 JSON 行：Expecting value: line 1 column 1 (char 0)
2025-05-01 10:19:39,691 - WARNING - 跳過無效 JSON 行：Expecting value: line 1 column 1 (char 0)
2025-05-01 10:19:39,691 - WARNING - 跳過無效 JSON 行：Expecting value: line 1 column 1 (char 0)
2025-05-01 10:19:39,691 - WARNING - 跳過無效 JSON 行：Expecting value: line 1 column 1 (char 0)
2025-05-01 10:19:39,691 - WARNING - 跳過無效 JSON 行：Expecting value: line 1 column 1 (char 0)
2025-05-01 10:19:39,691 - WARNING - 跳過無效 JSON 行：Expecting value: line 1 column 1 (char 0)
2025-05-01 10:19:39,691 - WARNING - 跳過無效 JSON 行：Expecting value: line 1 column 1 (char 0)
2025-05-01 10:19:39,691 - WARNING - 跳過無效 JSON 行：Expecting value: line 1 column 1 (char 0)
2025-05-01 10:19:39,691 - WARNING - 跳過無效 JSON 行：Expecting value: line 1 column 1 (char 0)
2025-05-01 10:19:39,691 - WARNING - 跳過無效 JSON 行：Expecting value: line 1 column 1 (char 0)
2025-05-01 10:19:39,691 - WARNING - 跳過無效 JSON 行：Expecting value: line 1 column 1 (char 0)
2025-05-01 10:19:39,691 - WARNING - 跳過無效 JSON 行：Expecting value: line 1 column 1 (char 0)
2025-05-01 10:19:39,691 - WARNING - 跳過無效 JSON 行：Expecting value: line 1 column 1 (char 0)
2025-05-01 10:19:39,691 - WARNING - 跳過無效 JSON 行：Expecting value: line 1 column 1 (char 0)
2025-05-01 10:19:39,699 - WARNING - 跳過無效 JSON 行：Expecting value: line 1 column 1 (char 0)
2025-05-01 10:19:39,699 - WARNING - 跳過無效 JSON 行：Expecting value: line 1 column 1 (char 0)
2025-05-01 10:19:39,699 - WARNING - 跳過無效 JSON 行：Expecting value: line 1 column 1 (char 0)
2025-05-01 10:19:39,699 - WARNING - 跳過無效 JSON 行：Expecting value: line 1 column 1 (char 0)
2025-05-01 10:19:39,699 - WARNING - 跳過無效 JSON 行：Expecting value: line 1 column 1 (char 0)
2025-05-01 10:19:39,699 - WARNING - 跳過無效 JSON 行：Expecting value: line 1 column 1 (char 0)
2025-05-01 10:19:39,699 - WARNING - 跳過無效 JSON 行：Expecting value: line 1 column 1 (char 0)
2025-05-01 10:19:39,699 - WARNING - 跳過無效 JSON 行：Expecting value: line 1 column 1 (char 0)
2025-05-01 10:19:39,699 - WARNING - 跳過無效 JSON 行：Expecting value: line 1 column 1 (char 0)
2025-05-01 10:19:39,699 - WARNING - 跳過無效 JSON 行：Expecting value: line 1 column 1 (char 0)
2025-05-01 10:19:39,699 - WARNING - 跳過無效 JSON 行：Expecting value: line 1 column 1 (char 0)
2025-05-01 10:19:39,699 - WARNING - 跳過無效 JSON 行：Expecting value: line 1 column 1 (char 0)
2025-05-01 10:19:39,699 - WARNING - 跳過無效 JSON 行：Expecting value: line 1 column 1 (char 0)
2025-05-01 10:19:39,699 - WARNING - 跳過無效 JSON 行：Expecting value: line 1 column 1 (char 0)
2025-05-01 10:19:39,699 - WARNING - 跳過無效 JSON 行：Expecting value: line 1 column 1 (char 0)
2025-05-01 10:19:39,699 - WARNING - 跳過無效 JSON 行：Expecting value: line 1 column 1 (char 0)
2025-05-01 10:19:39,699 - WARNING - 跳過無效 JSON 行：Expecting value: line 1 column 1 (char 0)
2025-05-01 10:19:39,699 - WARNING - 跳過無效 JSON 行：Expecting value: line 1 column 1 (char 0)
2025-05-01 10:19:39,699 - WARNING - 跳過無效 JSON 行：Expecting value: line 1 column 1 (char 0)
2025-05-01 10:19:39,699 - WARNING - 跳過無效 JSON 行：Expecting value: line 1 column 1 (char 0)
2025-05-01 10:19:39,699 - WARNING - 跳過無效 JSON 行：Expecting value: line 1 column 1 (char 0)
2025-05-01 10:19:39,699 - WARNING - 跳過無效 JSON 行：Expecting value: line 1 column 1 (char 0)
2025-05-01 10:19:39,699 - WARNING - 跳過無效 JSON 行：Expecting value: line 1 column 1 (char 0)
2025-05-01 10:19:39,699 - WARNING - 跳過無效 JSON 行：Expecting value: line 1 column 1 (char 0)
2025-05-01 10:19:39,699 - WARNING - 跳過無效 JSON 行：Expecting value: line 1 column 1 (char 0)
2025-05-01 10:19:39,699 - WARNING - 跳過無效 JSON 行：Expecting value: line 1 column 1 (char 0)
2025-05-01 10:19:39,699 - WARNING - 跳過無效 JSON 行：Expecting value: line 1 column 1 (char 0)
2025-05-01 10:19:39,699 - WARNING - 跳過無效 JSON 行：Expecting value: line 1 column 1 (char 0)
2025-05-01 10:19:39,699 - WARNING - 跳過無效 JSON 行：Expecting value: line 1 column 1 (char 0)
2025-05-01 10:19:39,699 - WARNING - 跳過無效 JSON 行：Expecting value: line 1 column 1 (char 0)
2025-05-01 10:19:39,699 - WARNING - 跳過無效 JSON 行：Expecting value: line 1 column 1 (char 0)
2025-05-01 10:19:39,699 - WARNING - 跳過無效 JSON 行：Expecting value: line 1 column 1 (char 0)
2025-05-01 10:19:39,699 - WARNING - 跳過無效 JSON 行：Expecting value: line 1 column 1 (char 0)
2025-05-01 10:19:39,699 - WARNING - 跳過無效 JSON 行：Expecting value: line 1 column 1 (char 0)
2025-05-01 10:19:39,699 - WARNING - 跳過無效 JSON 行：Expecting value: line 1 column 1 (char 0)
2025-05-01 10:19:39,699 - WARNING - 跳過無效 JSON 行：Expecting value: line 1 column 1 (char 0)
2025-05-01 10:19:39,699 - WARNING - 跳過無效 JSON 行：Expecting value: line 1 column 1 (char 0)
2025-05-01 10:19:39,704 - WARNING - 跳過無效 JSON 行：Expecting value: line 1 column 1 (char 0)
2025-05-01 10:19:39,704 - WARNING - 跳過無效 JSON 行：Expecting value: line 1 column 1 (char 0)
2025-05-01 10:19:39,704 - WARNING - 跳過無效 JSON 行：Expecting value: line 1 column 1 (char 0)
2025-05-01 10:19:39,704 - WARNING - 跳過無效 JSON 行：Expecting value: line 1 column 1 (char 0)
2025-05-01 10:19:39,704 - WARNING - 跳過無效 JSON 行：Expecting value: line 1 column 1 (char 0)
2025-05-01 10:19:39,704 - WARNING - 跳過無效 JSON 行：Expecting value: line 1 column 1 (char 0)
2025-05-01 10:19:39,704 - WARNING - 跳過無效 JSON 行：Expecting value: line 1 column 1 (char 0)
2025-05-01 10:19:39,704 - WARNING - 跳過無效 JSON 行：Expecting value: line 1 column 1 (char 0)
2025-05-01 10:19:39,704 - WARNING - 跳過無效 JSON 行：Expecting value: line 1 column 1 (char 0)
2025-05-01 10:19:39,704 - WARNING - 跳過無效 JSON 行：Expecting value: line 1 column 1 (char 0)
2025-05-01 10:19:39,704 - WARNING - 跳過無效 JSON 行：Expecting value: line 1 column 1 (char 0)
2025-05-01 10:19:39,704 - WARNING - 跳過無效 JSON 行：Expecting value: line 1 column 1 (char 0)
2025-05-01 10:19:39,704 - WARNING - 跳過無效 JSON 行：Expecting value: line 1 column 1 (char 0)
2025-05-01 10:19:39,704 - WARNING - 跳過無效 JSON 行：Expecting value: line 1 column 1 (char 0)
2025-05-01 10:19:39,704 - WARNING - 跳過無效 JSON 行：Expecting value: line 1 column 1 (char 0)
2025-05-01 10:19:39,704 - WARNING - 跳過無效 JSON 行：Expecting value: line 1 column 1 (char 0)
2025-05-01 10:19:39,704 - WARNING - 跳過無效 JSON 行：Expecting value: line 1 column 1 (char 0)
2025-05-01 10:19:39,704 - WARNING - 跳過無效 JSON 行：Expecting value: line 1 column 1 (char 0)
2025-05-01 10:19:39,704 - WARNING - 跳過無效 JSON 行：Expecting value: line 1 column 1 (char 0)
2025-05-01 10:19:39,706 - WARNING - 跳過無效 JSON 行：Expecting value: line 1 column 1 (char 0)
2025-05-01 10:19:39,706 - WARNING - 跳過無效 JSON 行：Expecting value: line 1 column 1 (char 0)
2025-05-01 10:19:39,706 - WARNING - 跳過無效 JSON 行：Expecting value: line 1 column 1 (char 0)
2025-05-01 10:19:39,706 - WARNING - 跳過無效 JSON 行：Expecting value: line 1 column 1 (char 0)
2025-05-01 10:19:39,706 - WARNING - 跳過無效 JSON 行：Expecting value: line 1 column 1 (char 0)
2025-05-01 10:19:39,706 - WARNING - 跳過無效 JSON 行：Expecting value: line 1 column 1 (char 0)
2025-05-01 10:19:39,707 - WARNING - 跳過無效 JSON 行：Expecting value: line 1 column 1 (char 0)
2025-05-01 10:19:39,707 - WARNING - 跳過無效 JSON 行：Expecting value: line 1 column 1 (char 0)
2025-05-01 10:19:39,707 - WARNING - 跳過無效 JSON 行：Expecting value: line 1 column 1 (char 0)
2025-05-01 10:19:39,707 - WARNING - 跳過無效 JSON 行：Expecting value: line 1 column 1 (char 0)
2025-05-01 10:19:39,707 - WARNING - 跳過無效 JSON 行：Expecting value: line 1 column 1 (char 0)
2025-05-01 10:19:39,707 - WARNING - 跳過無效 JSON 行：Expecting value: line 1 column 1 (char 0)
2025-05-01 10:19:39,707 - WARNING - 跳過無效 JSON 行：Expecting value: line 1 column 1 (char 0)
2025-05-01 10:19:39,707 - WARNING - 跳過無效 JSON 行：Expecting value: line 1 column 1 (char 0)
2025-05-01 10:19:39,707 - WARNING - 跳過無效 JSON 行：Expecting value: line 1 column 1 (char 0)
2025-05-01 10:19:39,707 - WARNING - 跳過無效 JSON 行：Expecting value: line 1 column 1 (char 0)
2025-05-01 10:19:39,707 - WARNING - 跳過無效 JSON 行：Expecting value: line 1 column 1 (char 0)
2025-05-01 10:19:39,709 - WARNING - 跳過無效 JSON 行：Expecting value: line 1 column 1 (char 0)
2025-05-01 10:19:39,709 - WARNING - 跳過無效 JSON 行：Expecting value: line 1 column 1 (char 0)
2025-05-01 10:19:39,709 - WARNING - 跳過無效 JSON 行：Expecting value: line 1 column 1 (char 0)
2025-05-01 10:19:39,709 - WARNING - 跳過無效 JSON 行：Expecting value: line 1 column 1 (char 0)
2025-05-01 10:19:39,709 - WARNING - 跳過無效 JSON 行：Expecting value: line 1 column 1 (char 0)
2025-05-01 10:19:39,709 - WARNING - 跳過無效 JSON 行：Expecting value: line 1 column 1 (char 0)
2025-05-01 10:19:39,710 - WARNING - 跳過無效 JSON 行：Expecting value: line 1 column 1 (char 0)
2025-05-01 10:19:39,710 - WARNING - 跳過無效 JSON 行：Expecting value: line 1 column 1 (char 0)
2025-05-01 10:19:39,710 - WARNING - 跳過無效 JSON 行：Expecting value: line 1 column 1 (char 0)
2025-05-01 10:19:39,710 - WARNING - 跳過無效 JSON 行：Expecting value: line 1 column 1 (char 0)
2025-05-01 10:19:39,710 - WARNING - 跳過無效 JSON 行：Expecting value: line 1 column 1 (char 0)
2025-05-01 10:19:39,710 - WARNING - 跳過無效 JSON 行：Expecting value: line 1 column 1 (char 0)
2025-05-01 10:19:39,711 - WARNING - 跳過無效 JSON 行：Expecting value: line 1 column 1 (char 0)
2025-05-01 10:19:39,711 - WARNING - 跳過無效 JSON 行：Expecting value: line 1 column 1 (char 0)
2025-05-01 10:19:39,711 - WARNING - 跳過無效 JSON 行：Expecting value: line 1 column 1 (char 0)
2025-05-01 10:19:39,711 - WARNING - 跳過無效 JSON 行：Expecting value: line 1 column 1 (char 0)
2025-05-01 10:19:39,711 - WARNING - 跳過無效 JSON 行：Expecting value: line 1 column 1 (char 0)
2025-05-01 10:19:39,711 - WARNING - 跳過無效 JSON 行：Expecting value: line 1 column 1 (char 0)
2025-05-01 10:19:39,712 - WARNING - 跳過無效 JSON 行：Expecting value: line 1 column 1 (char 0)
2025-05-01 10:19:39,712 - WARNING - 跳過無效 JSON 行：Expecting value: line 1 column 1 (char 0)
2025-05-01 10:19:39,712 - WARNING - 跳過無效 JSON 行：Expecting value: line 1 column 1 (char 0)
2025-05-01 10:19:39,712 - WARNING - 跳過無效 JSON 行：Expecting value: line 1 column 1 (char 0)
2025-05-01 10:19:39,712 - WARNING - 跳過無效 JSON 行：Expecting value: line 1 column 1 (char 0)
2025-05-01 10:19:39,712 - WARNING - 跳過無效 JSON 行：Expecting value: line 1 column 1 (char 0)
2025-05-01 10:19:39,713 - WARNING - 跳過無效 JSON 行：Expecting value: line 1 column 1 (char 0)
2025-05-01 10:19:39,713 - WARNING - 跳過無效 JSON 行：Expecting value: line 1 column 1 (char 0)
2025-05-01 10:19:39,713 - WARNING - 跳過無效 JSON 行：Expecting value: line 1 column 1 (char 0)
2025-05-01 10:19:39,713 - WARNING - 跳過無效 JSON 行：Expecting value: line 1 column 1 (char 0)
2025-05-01 10:19:39,713 - WARNING - 跳過無效 JSON 行：Expecting value: line 1 column 1 (char 0)
2025-05-01 10:19:39,713 - WARNING - 跳過無效 JSON 行：Expecting value: line 1 column 1 (char 0)
2025-05-01 10:19:39,714 - WARNING - 跳過無效 JSON 行：Expecting value: line 1 column 1 (char 0)
2025-05-01 10:19:39,714 - WARNING - 跳過無效 JSON 行：Expecting value: line 1 column 1 (char 0)
2025-05-01 10:19:39,714 - WARNING - 跳過無效 JSON 行：Expecting value: line 1 column 1 (char 0)
2025-05-01 10:19:39,714 - WARNING - 跳過無效 JSON 行：Expecting value: line 1 column 1 (char 0)
2025-05-01 10:19:39,714 - WARNING - 跳過無效 JSON 行：Expecting value: line 1 column 1 (char 0)
2025-05-01 10:19:39,715 - WARNING - 跳過無效 JSON 行：Expecting value: line 1 column 1 (char 0)
2025-05-01 10:19:39,715 - WARNING - 跳過無效 JSON 行：Expecting value: line 1 column 1 (char 0)
2025-05-01 10:19:39,715 - WARNING - 跳過無效 JSON 行：Expecting value: line 1 column 1 (char 0)
2025-05-01 10:19:39,715 - WARNING - 跳過無效 JSON 行：Expecting value: line 1 column 1 (char 0)
2025-05-01 10:19:39,715 - WARNING - 跳過無效 JSON 行：Expecting value: line 1 column 1 (char 0)
2025-05-01 10:19:39,715 - WARNING - 跳過無效 JSON 行：Expecting value: line 1 column 1 (char 0)
2025-05-01 10:19:39,716 - WARNING - 跳過無效 JSON 行：Expecting value: line 1 column 1 (char 0)
2025-05-01 10:19:39,716 - WARNING - 跳過無效 JSON 行：Expecting value: line 1 column 1 (char 0)
2025-05-01 10:19:39,716 - WARNING - 跳過無效 JSON 行：Expecting value: line 1 column 1 (char 0)
2025-05-01 10:19:39,716 - WARNING - 跳過無效 JSON 行：Expecting value: line 1 column 1 (char 0)
2025-05-01 10:19:39,716 - WARNING - 跳過無效 JSON 行：Expecting value: line 1 column 1 (char 0)
2025-05-01 10:19:39,716 - WARNING - 跳過無效 JSON 行：Expecting value: line 1 column 1 (char 0)
2025-05-01 10:19:39,717 - WARNING - 跳過無效 JSON 行：Expecting value: line 1 column 1 (char 0)
2025-05-01 10:19:39,717 - WARNING - 跳過無效 JSON 行：Expecting value: line 1 column 1 (char 0)
2025-05-01 10:19:39,717 - WARNING - 跳過無效 JSON 行：Expecting value: line 1 column 1 (char 0)
2025-05-01 10:19:39,717 - WARNING - 跳過無效 JSON 行：Expecting value: line 1 column 1 (char 0)
2025-05-01 10:19:39,717 - WARNING - 跳過無效 JSON 行：Expecting value: line 1 column 1 (char 0)
2025-05-01 10:19:39,718 - WARNING - 跳過無效 JSON 行：Expecting value: line 1 column 1 (char 0)
2025-05-01 10:19:39,718 - WARNING - 跳過無效 JSON 行：Expecting value: line 1 column 1 (char 0)
2025-05-01 10:19:39,718 - WARNING - 跳過無效 JSON 行：Expecting value: line 1 column 1 (char 0)
2025-05-01 10:19:39,718 - WARNING - 跳過無效 JSON 行：Expecting value: line 1 column 1 (char 0)
2025-05-01 10:19:39,718 - WARNING - 跳過無效 JSON 行：Expecting value: line 1 column 1 (char 0)
2025-05-01 10:19:39,719 - WARNING - 跳過無效 JSON 行：Expecting value: line 1 column 1 (char 0)
2025-05-01 10:19:39,719 - WARNING - 跳過無效 JSON 行：Expecting value: line 1 column 1 (char 0)
2025-05-01 10:19:39,719 - WARNING - 跳過無效 JSON 行：Expecting value: line 1 column 1 (char 0)
2025-05-01 10:19:39,719 - WARNING - 跳過無效 JSON 行：Expecting value: line 1 column 1 (char 0)
2025-05-01 10:19:39,719 - WARNING - 跳過無效 JSON 行：Expecting value: line 1 column 1 (char 0)
2025-05-01 10:19:39,719 - WARNING - 跳過無效 JSON 行：Expecting value: line 1 column 1 (char 0)
2025-05-01 10:19:39,719 - WARNING - 跳過無效 JSON 行：Expecting value: line 1 column 1 (char 0)
2025-05-01 10:19:39,720 - WARNING - 跳過無效 JSON 行：Expecting value: line 1 column 1 (char 0)
2025-05-01 10:19:39,720 - WARNING - 跳過無效 JSON 行：Expecting value: line 1 column 1 (char 0)
2025-05-01 10:19:39,720 - WARNING - 跳過無效 JSON 行：Expecting value: line 1 column 1 (char 0)
2025-05-01 10:19:39,720 - WARNING - 跳過無效 JSON 行：Expecting value: line 1 column 1 (char 0)
2025-05-01 10:19:39,720 - WARNING - 跳過無效 JSON 行：Expecting value: line 1 column 1 (char 0)
2025-05-01 10:19:39,720 - WARNING - 跳過無效 JSON 行：Expecting value: line 1 column 1 (char 0)
2025-05-01 10:19:39,721 - WARNING - 跳過無效 JSON 行：Expecting value: line 1 column 1 (char 0)
2025-05-01 10:19:39,721 - WARNING - 跳過無效 JSON 行：Expecting value: line 1 column 1 (char 0)
2025-05-01 10:19:39,721 - WARNING - 跳過無效 JSON 行：Expecting value: line 1 column 1 (char 0)
2025-05-01 10:19:39,721 - WARNING - 跳過無效 JSON 行：Expecting value: line 1 column 1 (char 0)
2025-05-01 10:19:39,721 - WARNING - 跳過無效 JSON 行：Expecting value: line 1 column 1 (char 0)
2025-05-01 10:19:39,722 - WARNING - 跳過無效 JSON 行：Expecting value: line 1 column 1 (char 0)
2025-05-01 10:19:39,722 - WARNING - 跳過無效 JSON 行：Expecting value: line 1 column 1 (char 0)
2025-05-01 10:19:39,722 - WARNING - 跳過無效 JSON 行：Expecting value: line 1 column 1 (char 0)
2025-05-01 10:19:39,722 - WARNING - 跳過無效 JSON 行：Expecting value: line 1 column 1 (char 0)
2025-05-01 10:19:39,722 - WARNING - 跳過無效 JSON 行：Expecting value: line 1 column 1 (char 0)
2025-05-01 10:19:39,723 - WARNING - 跳過無效 JSON 行：Expecting value: line 1 column 1 (char 0)
2025-05-01 10:19:39,723 - WARNING - 跳過無效 JSON 行：Expecting value: line 1 column 1 (char 0)
2025-05-01 10:19:39,723 - WARNING - 跳過無效 JSON 行：Expecting value: line 1 column 1 (char 0)
2025-05-01 10:19:39,723 - WARNING - 跳過無效 JSON 行：Expecting value: line 1 column 1 (char 0)
2025-05-01 10:19:39,723 - WARNING - 跳過無效 JSON 行：Expecting value: line 1 column 1 (char 0)
2025-05-01 10:19:39,724 - WARNING - 跳過無效 JSON 行：Expecting value: line 1 column 1 (char 0)
2025-05-01 10:19:39,724 - WARNING - 跳過無效 JSON 行：Expecting value: line 1 column 1 (char 0)
2025-05-01 10:19:39,724 - WARNING - 跳過無效 JSON 行：Expecting value: line 1 column 1 (char 0)
2025-05-01 10:19:39,724 - WARNING - 跳過無效 JSON 行：Expecting value: line 1 column 1 (char 0)
2025-05-01 10:19:39,724 - WARNING - 跳過無效 JSON 行：Expecting value: line 1 column 1 (char 0)
2025-05-01 10:19:39,724 - WARNING - 跳過無效 JSON 行：Expecting value: line 1 column 1 (char 0)
2025-05-01 10:19:39,724 - WARNING - 跳過無效 JSON 行：Expecting value: line 1 column 1 (char 0)
2025-05-01 10:19:39,725 - WARNING - 跳過無效 JSON 行：Expecting value: line 1 column 1 (char 0)
2025-05-01 10:19:39,725 - WARNING - 跳過無效 JSON 行：Expecting value: line 1 column 1 (char 0)
2025-05-01 10:19:39,725 - WARNING - 跳過無效 JSON 行：Expecting value: line 1 column 1 (char 0)
2025-05-01 10:19:39,725 - WARNING - 跳過無效 JSON 行：Expecting value: line 1 column 1 (char 0)
2025-05-01 10:19:39,725 - WARNING - 跳過無效 JSON 行：Expecting value: line 1 column 1 (char 0)
2025-05-01 10:19:39,725 - WARNING - 跳過無效 JSON 行：Expecting value: line 1 column 1 (char 0)
2025-05-01 10:19:39,726 - WARNING - 跳過無效 JSON 行：Expecting value: line 1 column 1 (char 0)
2025-05-01 10:19:39,726 - WARNING - 跳過無效 JSON 行：Expecting value: line 1 column 1 (char 0)
2025-05-01 10:19:39,726 - WARNING - 跳過無效 JSON 行：Expecting value: line 1 column 1 (char 0)
2025-05-01 10:19:39,726 - WARNING - 跳過無效 JSON 行：Expecting value: line 1 column 1 (char 0)
2025-05-01 10:19:39,726 - WARNING - 跳過無效 JSON 行：Expecting value: line 1 column 1 (char 0)
2025-05-01 10:19:39,727 - WARNING - 跳過無效 JSON 行：Expecting value: line 1 column 1 (char 0)
2025-05-01 10:19:39,727 - WARNING - 跳過無效 JSON 行：Expecting value: line 1 column 1 (char 0)
2025-05-01 10:19:39,727 - WARNING - 跳過無效 JSON 行：Expecting value: line 1 column 1 (char 0)
2025-05-01 10:19:39,727 - WARNING - 跳過無效 JSON 行：Expecting value: line 1 column 1 (char 0)
2025-05-01 10:19:39,727 - WARNING - 跳過無效 JSON 行：Expecting value: line 1 column 1 (char 0)
2025-05-01 10:19:39,728 - WARNING - 跳過無效 JSON 行：Expecting value: line 1 column 1 (char 0)
2025-05-01 10:19:39,728 - WARNING - 跳過無效 JSON 行：Expecting value: line 1 column 1 (char 0)
2025-05-01 10:19:39,728 - WARNING - 跳過無效 JSON 行：Expecting value: line 1 column 1 (char 0)
2025-05-01 10:19:39,729 - WARNING - 跳過無效 JSON 行：Expecting value: line 1 column 1 (char 0)
2025-05-01 10:19:39,729 - WARNING - 跳過無效 JSON 行：Expecting value: line 1 column 1 (char 0)
2025-05-01 10:19:39,729 - WARNING - 跳過無效 JSON 行：Expecting value: line 1 column 1 (char 0)
2025-05-01 10:19:39,729 - WARNING - 跳過無效 JSON 行：Expecting value: line 1 column 1 (char 0)
2025-05-01 10:19:39,729 - WARNING - 跳過無效 JSON 行：Expecting value: line 1 column 1 (char 0)
2025-05-01 10:19:39,729 - WARNING - 跳過無效 JSON 行：Expecting value: line 1 column 1 (char 0)
2025-05-01 10:19:39,730 - WARNING - 跳過無效 JSON 行：Expecting value: line 1 column 1 (char 0)
2025-05-01 10:19:39,730 - WARNING - 跳過無效 JSON 行：Expecting value: line 1 column 1 (char 0)
2025-05-01 10:19:39,730 - WARNING - 跳過無效 JSON 行：Expecting value: line 1 column 1 (char 0)
2025-05-01 10:19:39,730 - WARNING - 跳過無效 JSON 行：Expecting value: line 1 column 1 (char 0)
2025-05-01 10:19:39,730 - WARNING - 跳過無效 JSON 行：Expecting value: line 1 column 1 (char 0)
2025-05-01 10:19:39,731 - WARNING - 跳過無效 JSON 行：Expecting value: line 1 column 1 (char 0)
2025-05-01 10:19:39,731 - WARNING - 跳過無效 JSON 行：Expecting value: line 1 column 1 (char 0)
2025-05-01 10:19:39,731 - WARNING - 跳過無效 JSON 行：Expecting value: line 1 column 1 (char 0)
2025-05-01 10:19:39,731 - WARNING - 跳過無效 JSON 行：Expecting value: line 1 column 1 (char 0)
2025-05-01 10:19:39,731 - WARNING - 跳過無效 JSON 行：Expecting value: line 1 column 1 (char 0)
2025-05-01 10:19:39,731 - WARNING - 跳過無效 JSON 行：Expecting value: line 1 column 1 (char 0)
2025-05-01 10:19:39,732 - WARNING - 跳過無效 JSON 行：Expecting value: line 1 column 1 (char 0)
2025-05-01 10:19:39,732 - WARNING - 跳過無效 JSON 行：Expecting value: line 1 column 1 (char 0)
2025-05-01 10:19:39,732 - WARNING - 跳過無效 JSON 行：Expecting value: line 1 column 1 (char 0)
2025-05-01 10:19:39,732 - WARNING - 跳過無效 JSON 行：Expecting value: line 1 column 1 (char 0)
2025-05-01 10:19:39,732 - WARNING - 跳過無效 JSON 行：Expecting value: line 1 column 1 (char 0)
2025-05-01 10:19:39,733 - WARNING - 跳過無效 JSON 行：Expecting value: line 1 column 1 (char 0)
2025-05-01 10:19:39,733 - WARNING - 跳過無效 JSON 行：Expecting value: line 1 column 1 (char 0)
2025-05-01 10:19:39,733 - WARNING - 跳過無效 JSON 行：Expecting value: line 1 column 1 (char 0)
2025-05-01 10:19:39,733 - WARNING - 跳過無效 JSON 行：Expecting value: line 1 column 1 (char 0)
2025-05-01 10:19:39,733 - WARNING - 跳過無效 JSON 行：Expecting value: line 1 column 1 (char 0)
2025-05-01 10:19:39,733 - WARNING - 跳過無效 JSON 行：Expecting value: line 1 column 1 (char 0)
2025-05-01 10:19:39,734 - WARNING - 跳過無效 JSON 行：Expecting value: line 1 column 1 (char 0)
2025-05-01 10:19:39,734 - WARNING - 跳過無效 JSON 行：Expecting value: line 1 column 1 (char 0)
2025-05-01 10:19:39,734 - WARNING - 跳過無效 JSON 行：Expecting value: line 1 column 1 (char 0)
2025-05-01 10:19:39,734 - WARNING - 跳過無效 JSON 行：Expecting value: line 1 column 1 (char 0)
2025-05-01 10:19:39,734 - WARNING - 跳過無效 JSON 行：Expecting value: line 1 column 1 (char 0)
2025-05-01 10:19:39,734 - WARNING - 跳過無效 JSON 行：Expecting value: line 1 column 1 (char 0)
2025-05-01 10:19:39,735 - WARNING - 跳過無效 JSON 行：Expecting value: line 1 column 1 (char 0)
2025-05-01 10:19:39,735 - WARNING - 跳過無效 JSON 行：Expecting value: line 1 column 1 (char 0)
2025-05-01 10:19:39,735 - WARNING - 跳過無效 JSON 行：Expecting value: line 1 column 1 (char 0)
2025-05-01 10:19:39,735 - WARNING - 跳過無效 JSON 行：Expecting value: line 1 column 1 (char 0)
2025-05-01 10:19:39,735 - WARNING - 跳過無效 JSON 行：Expecting value: line 1 column 1 (char 0)
2025-05-01 10:19:39,736 - WARNING - 跳過無效 JSON 行：Expecting value: line 1 column 1 (char 0)
2025-05-01 10:19:39,736 - WARNING - 跳過無效 JSON 行：Expecting value: line 1 column 1 (char 0)
2025-05-01 10:19:39,736 - WARNING - 跳過無效 JSON 行：Expecting value: line 1 column 1 (char 0)
2025-05-01 10:19:39,736 - WARNING - 跳過無效 JSON 行：Expecting value: line 1 column 1 (char 0)
2025-05-01 10:19:39,736 - WARNING - 跳過無效 JSON 行：Expecting value: line 1 column 1 (char 0)
2025-05-01 10:19:39,737 - WARNING - 跳過無效 JSON 行：Expecting value: line 1 column 1 (char 0)
2025-05-01 10:19:39,737 - WARNING - 跳過無效 JSON 行：Expecting value: line 1 column 1 (char 0)
2025-05-01 10:19:39,737 - WARNING - 跳過無效 JSON 行：Expecting value: line 1 column 1 (char 0)
2025-05-01 10:19:39,737 - WARNING - 跳過無效 JSON 行：Expecting value: line 1 column 1 (char 0)
2025-05-01 10:19:39,737 - WARNING - 跳過無效 JSON 行：Expecting value: line 1 column 1 (char 0)
2025-05-01 10:19:39,737 - WARNING - 跳過無效 JSON 行：Expecting value: line 1 column 1 (char 0)
2025-05-01 10:19:39,737 - WARNING - 跳過無效 JSON 行：Expecting value: line 1 column 1 (char 0)
2025-05-01 10:19:39,737 - WARNING - 跳過無效 JSON 行：Expecting value: line 1 column 1 (char 0)
2025-05-01 10:19:39,738 - WARNING - 跳過無效 JSON 行：Expecting value: line 1 column 1 (char 0)
2025-05-01 10:19:39,738 - WARNING - 跳過無效 JSON 行：Expecting value: line 1 column 1 (char 0)
2025-05-01 10:19:39,738 - WARNING - 跳過無效 JSON 行：Expecting value: line 1 column 1 (char 0)
2025-05-01 10:19:39,738 - WARNING - 跳過無效 JSON 行：Expecting value: line 1 column 1 (char 0)
2025-05-01 10:19:39,738 - WARNING - 跳過無效 JSON 行：Expecting value: line 1 column 1 (char 0)
2025-05-01 10:19:39,740 - WARNING - 跳過無效 JSON 行：Expecting value: line 1 column 1 (char 0)
2025-05-01 10:19:39,740 - WARNING - 跳過無效 JSON 行：Expecting value: line 1 column 1 (char 0)
2025-05-01 10:19:39,740 - WARNING - 跳過無效 JSON 行：Expecting value: line 1 column 1 (char 0)
2025-05-01 10:19:39,740 - WARNING - 跳過無效 JSON 行：Expecting value: line 1 column 1 (char 0)
2025-05-01 10:19:39,740 - WARNING - 跳過無效 JSON 行：Expecting value: line 1 column 1 (char 0)
2025-05-01 10:19:39,740 - WARNING - 跳過無效 JSON 行：Expecting value: line 1 column 1 (char 0)
2025-05-01 10:19:39,740 - WARNING - 跳過無效 JSON 行：Expecting value: line 1 column 1 (char 0)
2025-05-01 10:19:39,740 - WARNING - 跳過無效 JSON 行：Expecting value: line 1 column 1 (char 0)
2025-05-01 10:19:39,740 - WARNING - 跳過無效 JSON 行：Expecting value: line 1 column 1 (char 0)
2025-05-01 10:19:39,740 - INFO - 成功取得播放清單資訊：{"_type": "url", "ie_key": "Youtube", "id": "XijYZ0G_KM8", "url": "https://www.youtube.com/watch?v=XijYZ0G_KM8", "title": "\u66f2\u8096\u51b0 - \u8c01\u300e\u5728\u6211\u773c\u4e2d\u4f60\u662f\u8c01\uff0c\u9738\u5360\u88ab\u7231\u7684\u6ecb\u5473\uff0c\u62e5\u62b1\u8ba9\u4f60\u597d\u7d2f\u3002\u300f\u3010\u52a8\u6001\u6b4c\u8bcd | Pinyin Lyrics\u3011\u3010\u4e00\u6708\u65b0\u6b4c\u3011\u3010AWALK MUSIC\u3011", "description": null, "duration": 834.0, "channel_id": "UCZo2EY66iAexFJjIUJ75WUw", "channel": "AWALK MUSIC CHANNEL", "channel_url": "https://www.youtube.com/channel/UCZo2EY66iAexFJjIUJ75WUw", "uploader": "AWALK MUSIC CHANNEL", "uploader_id": "@awalkmusic", "uploader_url": "https://www.youtube.com/@awalkmusic", "thumbnails": [{"url": "https://i.ytimg.com/vi/XijYZ0G_KM8/hqdefault.jpg?sqp=-oaymwEbCKgBEF5IVfKriqkDDggBFQAAiEIYAXABwAEG&rs=AOn4CLDKa-DXmcrG0GW7XLrngf_mIzV0uQ", "height": 94, "width": 168}, {"url": "https://i.ytimg.com/vi/XijYZ0G_KM8/hqdefault.jpg?sqp=-oaymwEbCMQBEG5IVfKriqkDDggBFQAAiEIYAXABwAEG&rs=AOn4CLAwNh0_Ot3rm3ruL8mzDnJOspu12w", "height": 110, "width": 196}, {"url": "https://i.ytimg.com/vi/XijYZ0G_KM8/hqdefault.jpg?sqp=-oaymwEcCPYBEIoBSFXyq4qpAw4IARUAAIhCGAFwAcABBg==&rs=AOn4CLBf9VeVp_ajQr31tBf6BrkpzFAukg", "height": 138, "width": 246}, {"url": "https://i.ytimg.com/vi/XijYZ0G_KM8/hqdefault.jpg?sqp=-oaymwEcCNACELwBSFXyq4qpAw4IARUAAIhCGAFwAcABBg==&rs=AOn4CLDyYdNIrNbF-s_CqU572sYxTnMHmw", "height": 188, "width": 336}], "timestamp": null, "release_timestamp": null, "availability": null, "view_count": null, "live_status": null, "channel_is_verified": null, "__x_forwarded_for_ip": null, "webpage_url": "https://www.youtube.com/watch?v=XijYZ0G_KM8", "original_url": "https://www.youtube.com/watch?v=XijYZ0G_KM8", "webpage_url_basename": "watch", "webpage_url_domain": "youtube.com", "extractor": "youtube", "extractor_key": "Youtube", "playlist_count": 2289, "playlist": "Mix - \u544a\u767d\u6c23\u7403-\u5468\u6770\u502b\uff08\u5468\u4e8c\u73c2 cover\uff09", "playlist_id": "RDenFGhIcD1d8", "playlist_title": "Mix - \u544a\u767d\u6c23\u7403-\u5468\u6770\u502b\uff08\u5468\u4e8c\u73c2 cover\uff09", "playlist_uploader": null, "playlist_uploader_id": null, "playlist_channel": null, "playlist_channel_id": null, "playlist_webpage_url": "https://www.youtube.com/watch?v=tv95k0zqnaA&list=RDenFGhIcD1d8&index=4", "n_entries": 2289, "playlist_index": 2289, "__last_playlist_index": 2289, "playlist_autonumber": 2289, "epoch": 1746065978, "duration_string": "13:54", "release_year": null, "_version": {"version": "2025.03.31", "current_git_head": null, "release_git_head": "5e457af57fae9645b1b8fa0ed689229c8fb9656b", "repository": "yt-dlp/yt-dlp"}}，包含 2288 個影片
2025-05-01 10:23:38,361 - INFO - 用戶輸入播放清單 URL：https://www.youtube.com/watch?v=tv95k0zqnaA&list=RDenFGhIcD1d8&index=4
2025-05-01 10:23:39,370 - INFO - 下載數量限制：None
2025-05-01 10:23:40,431 - INFO - 選擇的下載格式：b[ext=mp4]
2025-05-01 10:23:40,431 - INFO - 正在取得播放清單資訊：https://www.youtube.com/watch?v=tv95k0zqnaA&list=RDenFGhIcD1d8&index=4
2025-05-01 10:23:40,432 - INFO - 檢查 URL：https://www.youtube.com/watch?v=tv95k0zqnaA&list=RDenFGhIcD1d8&index=4，是否為播放清單：True
2025-05-01 10:23:44,380 - ERROR - 取得播放清單標題時發生錯誤：'NoneType' object has no attribute 'strip'
2025-05-01 10:24:13,194 - ERROR - 播放清單中沒有影片
2025-05-01 10:24:13,195 - ERROR - 無法取得播放清單資訊
2025-05-01 10:25:41,875 - INFO - 用戶輸入播放清單 URL：https://www.youtube.com/watch?v=QAmsnJQEb20
2025-05-01 10:25:42,727 - INFO - 下載數量限制：None
2025-05-01 10:25:43,424 - INFO - 選擇的下載格式：b[ext=mp4]
2025-05-01 10:25:43,424 - INFO - 正在取得播放清單資訊：https://www.youtube.com/watch?v=QAmsnJQEb20
2025-05-01 10:25:43,425 - INFO - 檢查 URL：https://www.youtube.com/watch?v=QAmsnJQEb20，是否為播放清單：False
2025-05-01 10:25:43,425 - ERROR - 無效的播放清單 URL：https://www.youtube.com/watch?v=QAmsnJQEb20
2025-05-01 10:25:43,425 - ERROR - 無法取得播放清單資訊
2025-05-01 10:29:10,282 - INFO - 用戶輸入 URL：https://www.youtube.com/watch?v=QAmsnJQEb20
2025-05-01 10:29:10,282 - INFO - 檢查 URL：https://www.youtube.com/watch?v=QAmsnJQEb20，是否為播放清單：False
2025-05-01 10:29:10,282 - INFO - 正在取得影片資訊：https://www.youtube.com/watch?v=QAmsnJQEb20
2025-05-01 10:29:17,410 - ERROR - 無法解析影片資訊：NA
2025-05-01 10:29:17,410 - ERROR - 無法取得影片資訊
2025-05-01 10:39:38,641 - INFO - 用戶輸入 URL：https://www.youtube.com/watch?v=QAmsnJQEb20
2025-05-01 10:39:38,641 - INFO - 檢查 URL：https://www.youtube.com/watch?v=QAmsnJQEb20，是否為播放清單：False
2025-05-01 10:39:38,641 - INFO - 正在取得影片資訊：https://www.youtube.com/watch?v=QAmsnJQEb20
2025-05-01 10:39:38,641 - INFO - 執行命令：./yt-dlp.exe https://www.youtube.com/watch?v=QAmsnJQEb20 --print id --print title --no-warnings --no-playlist --ignore-errors
2025-05-01 10:39:45,812 - INFO - 成功取得影片資訊：�i�B�͡m�f�O�߫D�n�x��MV (Official Music Video)
2025-05-01 10:40:19,380 - INFO - 選擇的下載格式：b[ext=mp4]
2025-05-01 10:40:19,380 - INFO - 已建立資料夾：./youtube_downloads\單個影片
2025-05-01 10:40:19,382 - INFO - 正在下載影片：�i�B�͡m�f�O�߫D�n�x��MV (Official Music Video)
2025-05-01 10:40:29,491 - INFO - 下載成功：�i�B�͡m�f�O�߫D�n�x��MV (Official Music Video)，儲存位置：./youtube_downloads\單個影片/�i�B�͡m�f�O�߫D�n�x��MV (Official Music Video).mp4
2025-05-01 10:40:29,491 - INFO - 單個影片處理完成
2025-05-01 10:46:58,557 - INFO - 用戶輸入 URL：https://www.youtube.com/watch?v=nKjM6_VOx4M
2025-05-01 10:46:58,557 - INFO - 檢查 URL：https://www.youtube.com/watch?v=nKjM6_VOx4M，是否為播放清單：False
2025-05-01 10:46:58,557 - INFO - 正在取得影片資訊：https://www.youtube.com/watch?v=nKjM6_VOx4M
2025-05-01 10:46:58,557 - INFO - 執行命令：./yt-dlp.exe https://www.youtube.com/watch?v=nKjM6_VOx4M --print id --print title --no-warnings --no-playlist --ignore-errors
2025-05-01 10:47:05,809 - ERROR - 處理影片資訊時發生錯誤：argument of type 'NoneType' is not iterable
2025-05-01 10:47:05,809 - ERROR - 無法取得影片資訊
2025-05-01 10:50:27,307 - INFO - 用戶輸入 URL：https://www.youtube.com/watch?v=nKjM6_VOx4M
2025-05-01 10:50:27,307 - INFO - 檢查 URL：https://www.youtube.com/watch?v=nKjM6_VOx4M，是否為播放清單：False
2025-05-01 10:50:27,307 - INFO - 正在取得影片資訊：https://www.youtube.com/watch?v=nKjM6_VOx4M
2025-05-01 10:50:27,308 - INFO - 執行命令：./yt-dlp.exe https://www.youtube.com/watch?v=nKjM6_VOx4M --print id --print title --no-warnings --no-playlist --ignore-errors
2025-05-01 10:50:34,458 - INFO - 成功取得影片資訊：【聲林之王2】EP9 純享版｜陳央 戴佩妮 賊｜林宥嘉 蕭敬騰  玖壹壹 宋念宇 梁文音 Jungle Voice 2
2025-05-01 10:50:41,092 - INFO - 選擇的下載格式：b[ext=mp4]
2025-05-01 10:50:41,092 - INFO - 已建立資料夾：./youtube_downloads\單個影片
2025-05-01 10:50:41,094 - INFO - 正在下載影片：【聲林之王2】EP9 純享版｜陳央 戴佩妮 賊｜林宥嘉 蕭敬騰  玖壹壹 宋念宇 梁文音 Jungle Voice 2
2025-05-01 10:50:41,094 - INFO - 執行命令：./yt-dlp.exe https://www.youtube.com/watch?v=nKjM6_VOx4M -f b[ext=mp4] -o ./youtube_downloads\單個影片/【聲林之王2】EP9 純享版｜陳央 戴佩妮 賊｜林宥嘉 蕭敬騰  玖壹壹 宋念宇 梁文音 Jungle Voice 2.mp4 --progress --no-overwrites
2025-05-01 10:50:53,085 - INFO - 下載成功：【聲林之王2】EP9 純享版｜陳央 戴佩妮 賊｜林宥嘉 蕭敬騰  玖壹壹 宋念宇 梁文音 Jungle Voice 2，儲存位置：./youtube_downloads\單個影片/【聲林之王2】EP9 純享版｜陳央 戴佩妮 賊｜林宥嘉 蕭敬騰  玖壹壹 宋念宇 梁文音 Jungle Voice 2.mp4
2025-05-01 10:50:53,086 - INFO - 單個影片處理完成
2025-05-01 10:53:04,856 - INFO - 用戶輸入 URL：https://www.youtube.com/watch?v=7q8CSLV0Dck&list=PLnks7Z89qXLSp7HhEhjGJHPNZ1HT2dFx6
2025-05-01 10:53:04,858 - INFO - 檢查 URL：https://www.youtube.com/watch?v=7q8CSLV0Dck&list=PLnks7Z89qXLSp7HhEhjGJHPNZ1HT2dFx6，是否為播放清單：True
2025-05-01 10:53:11,726 - INFO - 下載數量限制：None
2025-05-01 10:53:12,895 - INFO - 選擇的下載格式：b[ext=mp4]
2025-05-01 10:53:12,895 - INFO - 正在取得播放清單資訊：https://www.youtube.com/watch?v=7q8CSLV0Dck&list=PLnks7Z89qXLSp7HhEhjGJHPNZ1HT2dFx6
2025-05-01 10:53:12,896 - INFO - 檢查 URL：https://www.youtube.com/watch?v=7q8CSLV0Dck&list=PLnks7Z89qXLSp7HhEhjGJHPNZ1HT2dFx6，是否為播放清單：True
2025-05-01 10:53:12,896 - INFO - 執行命令：./yt-dlp.exe https://www.youtube.com/watch?v=7q8CSLV0Dck&list=PLnks7Z89qXLSp7HhEhjGJHPNZ1HT2dFx6 --get-filename -o %(playlist_title)s --no-simulate --flat-playlist --playlist-items 1
2025-05-01 10:53:17,102 - INFO - 獲取到播放清單標題: 113年土地登記規則
2025-05-01 10:53:17,102 - INFO - 執行命令：./yt-dlp.exe https://www.youtube.com/watch?v=7q8CSLV0Dck&list=PLnks7Z89qXLSp7HhEhjGJHPNZ1HT2dFx6 --flat-playlist --print id:title --no-warnings
2025-05-01 10:53:21,593 - ERROR - 播放清單中沒有影片
2025-05-01 10:53:21,593 - ERROR - 無法取得播放清單資訊
2025-05-01 10:53:48,380 - INFO - 用戶輸入 URL：https://www.youtube.com/watch?v=7q8CSLV0Dck&list=PLnks7Z89qXLSp7HhEhjGJHPNZ1HT2dFx6&index=1
2025-05-01 10:53:48,380 - INFO - 檢查 URL：https://www.youtube.com/watch?v=7q8CSLV0Dck&list=PLnks7Z89qXLSp7HhEhjGJHPNZ1HT2dFx6&index=1，是否為播放清單：True
2025-05-01 10:53:49,598 - INFO - 下載數量限制：None
2025-05-01 10:53:50,519 - INFO - 選擇的下載格式：b[ext=mp4]
2025-05-01 10:53:50,520 - INFO - 正在取得播放清單資訊：https://www.youtube.com/watch?v=7q8CSLV0Dck&list=PLnks7Z89qXLSp7HhEhjGJHPNZ1HT2dFx6&index=1
2025-05-01 10:53:50,520 - INFO - 檢查 URL：https://www.youtube.com/watch?v=7q8CSLV0Dck&list=PLnks7Z89qXLSp7HhEhjGJHPNZ1HT2dFx6&index=1，是否為播放清單：True
2025-05-01 10:53:50,520 - INFO - 執行命令：./yt-dlp.exe https://www.youtube.com/watch?v=7q8CSLV0Dck&list=PLnks7Z89qXLSp7HhEhjGJHPNZ1HT2dFx6&index=1 --get-filename -o %(playlist_title)s --no-simulate --flat-playlist --playlist-items 1
2025-05-01 10:53:54,753 - INFO - 獲取到播放清單標題: 113年土地登記規則
2025-05-01 10:53:54,753 - INFO - 執行命令：./yt-dlp.exe https://www.youtube.com/watch?v=7q8CSLV0Dck&list=PLnks7Z89qXLSp7HhEhjGJHPNZ1HT2dFx6&index=1 --flat-playlist --print id:title --no-warnings
2025-05-01 10:53:59,173 - ERROR - 播放清單中沒有影片
2025-05-01 10:53:59,173 - ERROR - 無法取得播放清單資訊
2025-05-01 10:56:51,741 - INFO - 用戶輸入 URL：https://www.youtube.com/watch?v=7q8CSLV0Dck&list=PLnks7Z89qXLSp7HhEhjGJHPNZ1HT2dFx6&index=1
2025-05-01 10:56:51,741 - INFO - 檢查 URL：https://www.youtube.com/watch?v=7q8CSLV0Dck&list=PLnks7Z89qXLSp7HhEhjGJHPNZ1HT2dFx6&index=1，是否為播放清單：True
2025-05-01 10:56:53,156 - INFO - 下載數量限制：None
2025-05-01 10:56:53,918 - INFO - 選擇的下載格式：b[ext=mp4]
2025-05-01 10:56:53,918 - INFO - 正在取得播放清單資訊：https://www.youtube.com/watch?v=7q8CSLV0Dck&list=PLnks7Z89qXLSp7HhEhjGJHPNZ1HT2dFx6&index=1
2025-05-01 10:56:53,918 - INFO - 檢查 URL：https://www.youtube.com/watch?v=7q8CSLV0Dck&list=PLnks7Z89qXLSp7HhEhjGJHPNZ1HT2dFx6&index=1，是否為播放清單：True
2025-05-01 10:56:53,918 - INFO - 執行命令：./yt-dlp.exe https://www.youtube.com/watch?v=7q8CSLV0Dck&list=PLnks7Z89qXLSp7HhEhjGJHPNZ1HT2dFx6&index=1 --get-filename -o %(playlist_title)s --no-simulate --flat-playlist --playlist-items 1
2025-05-01 10:56:58,153 - INFO - 獲取到播放清單標題: 113年土地登記規則
2025-05-01 10:56:58,153 - INFO - 執行命令：./yt-dlp.exe https://www.youtube.com/watch?v=7q8CSLV0Dck&list=PLnks7Z89qXLSp7HhEhjGJHPNZ1HT2dFx6&index=1 --dump-json --no-warnings --ignore-errors --quiet
2025-05-01 10:57:21,107 - INFO - 成功使用 cp950 編碼解析輸出
2025-05-01 10:57:21,107 - ERROR - 取得播放清單影片失敗：ERROR: [youtube] Wo_rQjcyPlM: This video is available to this channel's members on level: 進階應考專區(不再更新) (or any higher level). Join this channel to get access to members-only content and other exclusive perks.
ERROR: [youtube] RhdBYUroDvU: This video is available to this channel's members on level: 進階應考專區(不再更新) (or any higher level). Join this channel to get access to members-only content and other exclusive perks.
ERROR: [youtube] oX1ZxlZRkJ4: This video is available to this channel's members on level: 進階應考專區(不再更新) (or any higher level). Join this channel to get access to members-only content and other exclusive perks.
ERROR: [youtube] OGkQXTRF-sQ: This video is available to this channel's members on level: 進階應考專區(不再更新) (or any higher level). Join this channel to get access to members-only content and other exclusive perks.
ERROR: [youtube] _eP-YamAy2M: This video is available to this channel's members on level: 進階應考專區(不再更新) (or any higher level). Join this channel to get access to members-only content and other exclusive perks.
ERROR: [youtube] lL1F1gPVrzc: This video is available to this channel's members on level: 進階應考專區(不再更新) (or any higher level). Join this channel to get access to members-only content and other exclusive perks.
ERROR: [youtube] aQRr2Fj371M: This video is available to this channel's members on level: 進階應考專區(不再更新) (or any higher level). Join this channel to get access to members-only content and other exclusive perks.
ERROR: [youtube] -W7EGY4V9O8: This video is available to this channel's members on level: 進階應考專區(不再更新) (or any higher level). Join this channel to get access to members-only content and other exclusive perks.
ERROR: [youtube] Xed-GHMgHVw: This video is available to this channel's members on level: 進階應考專區(不再更新) (or any higher level). Join this channel to get access to members-only content and other exclusive perks.
ERROR: [youtube] OjDAIL18KrU: This video is available to this channel's members on level: 進階應考專區(不再更新) (or any higher level). Join this channel to get access to members-only content and other exclusive perks.
ERROR: [youtube] 2olAvMGoeSQ: This video is available to this channel's members on level: 進階應考專區(不再更新) (or any higher level). Join this channel to get access to members-only content and other exclusive perks.
ERROR: [youtube] 2lUyB7g0bv0: This video is available to this channel's members on level: 進階應考專區(不再更新) (or any higher level). Join this channel to get access to members-only content and other exclusive perks.
ERROR: [youtube] z2lqqBBA6MI: This video is available to this channel's members on level: 進階應考專區(不再更新) (or any higher level). Join this channel to get access to members-only content and other exclusive perks.
ERROR: [youtube] M6NoQzR_bWU: This video is available to this channel's members on level: 進階應考專區(不再更新) (or any higher level). Join this channel to get access to members-only content and other exclusive perks.
ERROR: [youtube] AqjCIiCHxj8: This video is available to this channel's members on level: 進階應考專區(不再更新) (or any higher level). Join this channel to get access to members-only content and other exclusive perks.
ERROR: [youtube] -rK0P5lf4wo: This video is available to this channel's members on level: 進階應考專區(不再更新) (or any higher level). Join this channel to get access to members-only content and other exclusive perks.
ERROR: [youtube] FQblp9RNuoI: This video is available to this channel's members on level: 進階應考專區(不再更新) (or any higher level). Join this channel to get access to members-only content and other exclusive perks.
ERROR: [youtube] GsrFWknvS1U: This video is available to this channel's members on level: 進階應考專區(不再更新) (or any higher level). Join this channel to get access to members-only content and other exclusive perks.
ERROR: [youtube] fhLXmdszV38: This video is available to this channel's members on level: 進階應考專區(不再更新) (or any higher level). Join this channel to get access to members-only content and other exclusive perks.
ERROR: [youtube] 1X4X3aatzkE: This video is available to this channel's members on level: 進階應考專區(不再更新) (or any higher level). Join this channel to get access to members-only content and other exclusive perks.
ERROR: [youtube] QntNjjpAlc8: This video is available to this channel's members on level: 進階應考專區(不再更新) (or any higher level). Join this channel to get access to members-only content and other exclusive perks.
ERROR: [youtube] 1Bs-HkLH2qw: This video is available to this channel's members on level: 進階應考專區(不再更新) (or any higher level). Join this channel to get access to members-only content and other exclusive perks.
ERROR: [youtube] zn2v0NZYuZA: This video is available to this channel's members on level: 進階應考專區(不再更新) (or any higher level). Join this channel to get access to members-only content and other exclusive perks.

2025-05-01 10:57:21,108 - ERROR - 無法取得播放清單資訊
2025-05-01 11:04:12,524 - INFO - 用戶輸入 URL：https://www.youtube.com/watch?v=7q8CSLV0Dck&list=PLnks7Z89qXLSp7HhEhjGJHPNZ1HT2dFx6&index=1
2025-05-01 11:04:12,524 - INFO - 檢查 URL：https://www.youtube.com/watch?v=7q8CSLV0Dck&list=PLnks7Z89qXLSp7HhEhjGJHPNZ1HT2dFx6&index=1，是否為播放清單：True
2025-05-01 11:04:13,570 - INFO - 下載數量限制：None
2025-05-01 11:04:14,332 - INFO - 選擇的下載格式：b[ext=mp4]
2025-05-01 11:04:14,333 - INFO - 正在取得播放清單資訊：https://www.youtube.com/watch?v=7q8CSLV0Dck&list=PLnks7Z89qXLSp7HhEhjGJHPNZ1HT2dFx6&index=1
2025-05-01 11:04:14,333 - INFO - 檢查 URL：https://www.youtube.com/watch?v=7q8CSLV0Dck&list=PLnks7Z89qXLSp7HhEhjGJHPNZ1HT2dFx6&index=1，是否為播放清單：True
2025-05-01 11:04:14,333 - INFO - 執行命令：./yt-dlp.exe https://www.youtube.com/watch?v=7q8CSLV0Dck&list=PLnks7Z89qXLSp7HhEhjGJHPNZ1HT2dFx6&index=1 --get-filename -o %(playlist_title)s --no-simulate --flat-playlist --playlist-items 1
2025-05-01 11:04:18,562 - INFO - 獲取到播放清單標題: 113年土地登記規則
2025-05-01 11:04:18,562 - INFO - 執行命令：./yt-dlp.exe https://www.youtube.com/watch?v=7q8CSLV0Dck&list=PLnks7Z89qXLSp7HhEhjGJHPNZ1HT2dFx6&index=1 --flat-playlist --print id --print title --no-warnings
2025-05-01 11:04:23,002 - INFO - 成功取得播放清單資訊：113年土地登記規則，包含 24 個影片
2025-05-01 11:04:23,003 - INFO - 已建立資料夾：./youtube_downloads\113年土地登記規則
2025-05-01 11:04:23,004 - INFO - 已儲存 JSON 檔案：./youtube_downloads\113年土地登記規則\playlist.json
2025-05-01 11:04:23,004 - INFO - 已建立播放清單 JSON 檔案於 ./youtube_downloads\113年土地登記規則
2025-05-01 11:05:04,205 - INFO - 是否立即下載：
2025-05-01 11:05:04,205 - INFO - 將下載 24/24 個影片
2025-05-01 11:05:04,206 - INFO - 處理批次 1 (1-10)
2025-05-01 11:05:04,240 - INFO - 正在下載 (1/24)：113年土地登記規則1
2025-05-01 11:05:04,241 - INFO - 執行命令：./yt-dlp.exe https://www.youtube.com/watch?v=7q8CSLV0Dck -f b[ext=mp4] -o ./youtube_downloads\113年土地登記規則/113年土地登記規則1.mp4 --progress --no-overwrites
2025-05-01 11:05:22,843 - INFO - 下載成功：113年土地登記規則1
2025-05-01 11:05:24,637 - INFO - 正在下載 (2/24)：113年土地登記規則2
2025-05-01 11:05:24,637 - INFO - 執行命令：./yt-dlp.exe https://www.youtube.com/watch?v=Wo_rQjcyPlM -f b[ext=mp4] -o ./youtube_downloads\113年土地登記規則/113年土地登記規則2.mp4 --progress --no-overwrites
2025-05-01 11:05:28,913 - INFO - 成功使用 cp950 編碼解析輸出
2025-05-01 11:05:28,913 - ERROR - 下載失敗：113年土地登記規則2 - 會員專屬內容
2025-05-01 11:05:31,835 - INFO - 正在下載 (3/24)：113年土地登記規則3
2025-05-01 11:05:31,836 - INFO - 執行命令：./yt-dlp.exe https://www.youtube.com/watch?v=RhdBYUroDvU -f b[ext=mp4] -o ./youtube_downloads\113年土地登記規則/113年土地登記規則3.mp4 --progress --no-overwrites
2025-05-01 11:05:36,231 - INFO - 成功使用 cp950 編碼解析輸出
2025-05-01 11:05:36,231 - ERROR - 下載失敗：113年土地登記規則3 - 會員專屬內容
2025-05-01 11:05:40,038 - INFO - 正在下載 (4/24)：113年土地登記規則4
2025-05-01 11:05:40,038 - INFO - 執行命令：./yt-dlp.exe https://www.youtube.com/watch?v=oX1ZxlZRkJ4 -f b[ext=mp4] -o ./youtube_downloads\113年土地登記規則/113年土地登記規則4.mp4 --progress --no-overwrites
2025-05-01 11:05:44,410 - INFO - 成功使用 cp950 編碼解析輸出
2025-05-01 11:05:44,411 - ERROR - 下載失敗：113年土地登記規則4 - 會員專屬內容
2025-05-01 11:05:48,643 - INFO - 正在下載 (5/24)：113年土地登記規則5
2025-05-01 11:05:48,643 - INFO - 執行命令：./yt-dlp.exe https://www.youtube.com/watch?v=OGkQXTRF-sQ -f b[ext=mp4] -o ./youtube_downloads\113年土地登記規則/113年土地登記規則5.mp4 --progress --no-overwrites
2025-05-01 11:05:52,933 - INFO - 成功使用 cp950 編碼解析輸出
2025-05-01 11:05:52,934 - ERROR - 下載失敗：113年土地登記規則5 - 會員專屬內容
2025-05-01 11:05:55,047 - INFO - 正在下載 (6/24)：113年土地登記規則6
2025-05-01 11:05:55,048 - INFO - 執行命令：./yt-dlp.exe https://www.youtube.com/watch?v=_eP-YamAy2M -f b[ext=mp4] -o ./youtube_downloads\113年土地登記規則/113年土地登記規則6.mp4 --progress --no-overwrites
2025-05-01 11:05:59,292 - INFO - 成功使用 cp950 編碼解析輸出
2025-05-01 11:05:59,292 - ERROR - 下載失敗：113年土地登記規則6 - 會員專屬內容
2025-05-01 11:06:02,619 - INFO - 正在下載 (7/24)：113年土地登記規則7
2025-05-01 11:06:02,619 - INFO - 執行命令：./yt-dlp.exe https://www.youtube.com/watch?v=lL1F1gPVrzc -f b[ext=mp4] -o ./youtube_downloads\113年土地登記規則/113年土地登記規則7.mp4 --progress --no-overwrites
2025-05-01 11:06:06,867 - INFO - 成功使用 cp950 編碼解析輸出
2025-05-01 11:06:06,868 - ERROR - 下載失敗：113年土地登記規則7 - 會員專屬內容
2025-05-01 11:06:08,282 - INFO - 正在下載 (8/24)：113年土地登記規則8
2025-05-01 11:06:08,283 - INFO - 執行命令：./yt-dlp.exe https://www.youtube.com/watch?v=aQRr2Fj371M -f b[ext=mp4] -o ./youtube_downloads\113年土地登記規則/113年土地登記規則8.mp4 --progress --no-overwrites
2025-05-01 11:06:12,884 - INFO - 成功使用 cp950 編碼解析輸出
2025-05-01 11:06:12,885 - ERROR - 下載失敗：113年土地登記規則8 - 會員專屬內容
2025-05-01 11:06:14,444 - INFO - 正在下載 (9/24)：113年土地登記規則9
2025-05-01 11:06:14,445 - INFO - 執行命令：./yt-dlp.exe https://www.youtube.com/watch?v=-W7EGY4V9O8 -f b[ext=mp4] -o ./youtube_downloads\113年土地登記規則/113年土地登記規則9.mp4 --progress --no-overwrites
2025-05-01 11:06:18,726 - INFO - 成功使用 cp950 編碼解析輸出
2025-05-01 11:06:18,727 - ERROR - 下載失敗：113年土地登記規則9 - 會員專屬內容
2025-05-01 11:06:23,296 - INFO - 正在下載 (10/24)：113年土地登記規則10
2025-05-01 11:06:23,297 - INFO - 執行命令：./yt-dlp.exe https://www.youtube.com/watch?v=Xed-GHMgHVw -f b[ext=mp4] -o ./youtube_downloads\113年土地登記規則/113年土地登記規則10.mp4 --progress --no-overwrites
2025-05-01 11:06:27,705 - INFO - 成功使用 cp950 編碼解析輸出
2025-05-01 11:06:27,705 - ERROR - 下載失敗：113年土地登記規則10 - 會員專屬內容
2025-05-01 11:06:32,423 - INFO - 在下一批次前暫停 8.92 秒
2025-05-01 11:06:41,341 - INFO - 處理批次 2 (11-20)
2025-05-01 11:06:41,343 - INFO - 正在下載 (11/24)：113年土地登記規則11
2025-05-01 11:06:41,343 - INFO - 執行命令：./yt-dlp.exe https://www.youtube.com/watch?v=OjDAIL18KrU -f b[ext=mp4] -o ./youtube_downloads\113年土地登記規則/113年土地登記規則11.mp4 --progress --no-overwrites
2025-05-01 11:06:45,583 - INFO - 成功使用 cp950 編碼解析輸出
2025-05-01 11:06:45,584 - ERROR - 下載失敗：113年土地登記規則11 - 會員專屬內容
2025-05-01 11:06:48,572 - INFO - 正在下載 (12/24)：113年土地登記規則12
2025-05-01 11:06:48,573 - INFO - 執行命令：./yt-dlp.exe https://www.youtube.com/watch?v=2olAvMGoeSQ -f b[ext=mp4] -o ./youtube_downloads\113年土地登記規則/113年土地登記規則12.mp4 --progress --no-overwrites
2025-05-01 11:06:53,077 - INFO - 成功使用 cp950 編碼解析輸出
2025-05-01 11:06:53,077 - ERROR - 下載失敗：113年土地登記規則12 - 會員專屬內容
2025-05-01 11:06:54,868 - INFO - 正在下載 (13/24)：113年土地登記規則13
2025-05-01 11:06:54,868 - INFO - 執行命令：./yt-dlp.exe https://www.youtube.com/watch?v=2lUyB7g0bv0 -f b[ext=mp4] -o ./youtube_downloads\113年土地登記規則/113年土地登記規則13.mp4 --progress --no-overwrites
2025-05-01 11:06:59,239 - INFO - 成功使用 cp950 編碼解析輸出
2025-05-01 11:06:59,240 - ERROR - 下載失敗：113年土地登記規則13 - 會員專屬內容
2025-05-01 11:07:03,236 - INFO - 正在下載 (14/24)：113年土地登記規則14
2025-05-01 11:07:03,236 - INFO - 執行命令：./yt-dlp.exe https://www.youtube.com/watch?v=z2lqqBBA6MI -f b[ext=mp4] -o ./youtube_downloads\113年土地登記規則/113年土地登記規則14.mp4 --progress --no-overwrites
2025-05-01 11:07:07,558 - INFO - 成功使用 cp950 編碼解析輸出
2025-05-01 11:07:07,559 - ERROR - 下載失敗：113年土地登記規則14 - 會員專屬內容
2025-05-01 11:07:08,854 - INFO - 正在下載 (15/24)：113年土地登記規則15
2025-05-01 11:07:08,854 - INFO - 執行命令：./yt-dlp.exe https://www.youtube.com/watch?v=M6NoQzR_bWU -f b[ext=mp4] -o ./youtube_downloads\113年土地登記規則/113年土地登記規則15.mp4 --progress --no-overwrites
2025-05-01 11:07:13,038 - INFO - 成功使用 cp950 編碼解析輸出
2025-05-01 11:07:13,038 - ERROR - 下載失敗：113年土地登記規則15 - 會員專屬內容
2025-05-01 11:07:17,233 - INFO - 正在下載 (16/24)：113年土地登記規則16
2025-05-01 11:07:17,234 - INFO - 執行命令：./yt-dlp.exe https://www.youtube.com/watch?v=AqjCIiCHxj8 -f b[ext=mp4] -o ./youtube_downloads\113年土地登記規則/113年土地登記規則16.mp4 --progress --no-overwrites
2025-05-01 11:07:21,805 - INFO - 成功使用 cp950 編碼解析輸出
2025-05-01 11:07:21,805 - ERROR - 下載失敗：113年土地登記規則16 - 會員專屬內容
2025-05-01 11:07:26,040 - INFO - 正在下載 (17/24)：113年土地登記規則17
2025-05-01 11:07:26,041 - INFO - 執行命令：./yt-dlp.exe https://www.youtube.com/watch?v=-rK0P5lf4wo -f b[ext=mp4] -o ./youtube_downloads\113年土地登記規則/113年土地登記規則17.mp4 --progress --no-overwrites
2025-05-01 11:07:30,396 - INFO - 成功使用 cp950 編碼解析輸出
2025-05-01 11:07:30,396 - ERROR - 下載失敗：113年土地登記規則17 - 會員專屬內容
2025-05-01 11:07:34,646 - INFO - 正在下載 (18/24)：113年土地登記規則18
2025-05-01 11:07:34,646 - INFO - 執行命令：./yt-dlp.exe https://www.youtube.com/watch?v=FQblp9RNuoI -f b[ext=mp4] -o ./youtube_downloads\113年土地登記規則/113年土地登記規則18.mp4 --progress --no-overwrites
2025-05-01 11:07:38,925 - INFO - 成功使用 cp950 編碼解析輸出
2025-05-01 11:07:38,925 - ERROR - 下載失敗：113年土地登記規則18 - 會員專屬內容
2025-05-01 11:07:40,656 - INFO - 正在下載 (19/24)：113年土地登記規則18-1
2025-05-01 11:07:40,657 - INFO - 執行命令：./yt-dlp.exe https://www.youtube.com/watch?v=GsrFWknvS1U -f b[ext=mp4] -o ./youtube_downloads\113年土地登記規則/113年土地登記規則18-1.mp4 --progress --no-overwrites
2025-05-01 11:07:44,903 - INFO - 成功使用 cp950 編碼解析輸出
2025-05-01 11:07:44,903 - ERROR - 下載失敗：113年土地登記規則18-1 - 會員專屬內容
2025-05-01 11:07:47,518 - INFO - 正在下載 (20/24)：113年土地登記規則19
2025-05-01 11:07:47,519 - INFO - 執行命令：./yt-dlp.exe https://www.youtube.com/watch?v=fhLXmdszV38 -f b[ext=mp4] -o ./youtube_downloads\113年土地登記規則/113年土地登記規則19.mp4 --progress --no-overwrites
2025-05-01 11:07:51,459 - INFO - 成功使用 cp950 編碼解析輸出
2025-05-01 11:07:51,460 - ERROR - 下載失敗：113年土地登記規則19 - 會員專屬內容
2025-05-01 11:07:54,143 - INFO - 在下一批次前暫停 9.18 秒
2025-05-01 11:08:03,321 - INFO - 處理批次 3 (21-24)
2025-05-01 11:08:03,321 - INFO - 正在下載 (21/24)：113年土地登記規則20
2025-05-01 11:08:03,321 - INFO - 執行命令：./yt-dlp.exe https://www.youtube.com/watch?v=1X4X3aatzkE -f b[ext=mp4] -o ./youtube_downloads\113年土地登記規則/113年土地登記規則20.mp4 --progress --no-overwrites
2025-05-01 11:08:07,369 - INFO - 成功使用 cp950 編碼解析輸出
2025-05-01 11:08:07,369 - ERROR - 下載失敗：113年土地登記規則20 - 會員專屬內容
2025-05-01 11:08:10,798 - INFO - 正在下載 (22/24)：113年土地登記規則21
2025-05-01 11:08:10,798 - INFO - 執行命令：./yt-dlp.exe https://www.youtube.com/watch?v=QntNjjpAlc8 -f b[ext=mp4] -o ./youtube_downloads\113年土地登記規則/113年土地登記規則21.mp4 --progress --no-overwrites
2025-05-01 11:08:15,056 - INFO - 成功使用 cp950 編碼解析輸出
2025-05-01 11:08:15,056 - ERROR - 下載失敗：113年土地登記規則21 - 會員專屬內容
2025-05-01 11:08:18,353 - INFO - 正在下載 (23/24)：113年土地登記規則22
2025-05-01 11:08:18,355 - INFO - 執行命令：./yt-dlp.exe https://www.youtube.com/watch?v=1Bs-HkLH2qw -f b[ext=mp4] -o ./youtube_downloads\113年土地登記規則/113年土地登記規則22.mp4 --progress --no-overwrites
2025-05-01 11:08:22,522 - INFO - 成功使用 cp950 編碼解析輸出
2025-05-01 11:08:22,522 - ERROR - 下載失敗：113年土地登記規則22 - 會員專屬內容
2025-05-01 11:08:24,732 - INFO - 正在下載 (24/24)：113年土地登記規則23(最終回)
2025-05-01 11:08:24,732 - INFO - 執行命令：./yt-dlp.exe https://www.youtube.com/watch?v=zn2v0NZYuZA -f b[ext=mp4] -o ./youtube_downloads\113年土地登記規則/113年土地登記規則23(最終回).mp4 --progress --no-overwrites
2025-05-01 11:08:28,936 - INFO - 成功使用 cp950 編碼解析輸出
2025-05-01 11:08:28,936 - ERROR - 下載失敗：113年土地登記規則23(最終回) - 會員專屬內容
2025-05-01 11:08:31,063 - INFO - 所有下載已完成
2025-05-01 11:08:31,063 - INFO - 處理完成
2025-05-01 11:11:36,246 - INFO - 用戶輸入 URL：https://www.youtube.com/playlist?list=PLV4FeK54eNbwMqP9-nUf2Aop9zPhf2NHY
2025-05-01 11:11:36,246 - INFO - 檢查 URL：https://www.youtube.com/playlist?list=PLV4FeK54eNbwMqP9-nUf2Aop9zPhf2NHY，是否為播放清單：True
2025-05-01 11:11:37,740 - INFO - 下載數量限制：None
2025-05-01 11:11:39,619 - INFO - 選擇的下載格式：b[ext=mp4]
2025-05-01 11:11:39,619 - INFO - 正在取得播放清單資訊：https://www.youtube.com/playlist?list=PLV4FeK54eNbwMqP9-nUf2Aop9zPhf2NHY
2025-05-01 11:11:39,619 - INFO - 檢查 URL：https://www.youtube.com/playlist?list=PLV4FeK54eNbwMqP9-nUf2Aop9zPhf2NHY，是否為播放清單：True
2025-05-01 11:11:39,619 - INFO - 執行命令：./yt-dlp.exe https://www.youtube.com/playlist?list=PLV4FeK54eNbwMqP9-nUf2Aop9zPhf2NHY --get-filename -o %(playlist_title)s --no-simulate --flat-playlist --playlist-items 1
2025-05-01 11:11:43,185 - INFO - 獲取到播放清單標題: 資展國際-BDSE37-網路爬蟲
2025-05-01 11:11:43,189 - INFO - 執行命令：./yt-dlp.exe https://www.youtube.com/playlist?list=PLV4FeK54eNbwMqP9-nUf2Aop9zPhf2NHY --flat-playlist --print id --print title --no-warnings
2025-05-01 11:11:47,564 - INFO - 成功取得播放清單資訊：資展國際-BDSE37-網路爬蟲，包含 24 個影片
2025-05-01 11:11:47,565 - INFO - 已建立資料夾：./youtube_downloads\資展國際-BDSE37-網路爬蟲
2025-05-01 11:11:47,566 - INFO - 已儲存 JSON 檔案：./youtube_downloads\資展國際-BDSE37-網路爬蟲\playlist.json
2025-05-01 11:11:47,566 - INFO - 已建立播放清單 JSON 檔案於 ./youtube_downloads\資展國際-BDSE37-網路爬蟲
2025-05-01 11:11:53,979 - INFO - 是否立即下載：
2025-05-01 11:11:53,979 - INFO - 將下載 24/24 個影片
2025-05-01 11:11:53,979 - INFO - 處理批次 1 (1-10)
2025-05-01 11:11:54,009 - INFO - 正在下載 (1/24)：資展國際-BDSE37-網路爬蟲01
2025-05-01 11:11:54,009 - INFO - 執行命令：./yt-dlp.exe https://www.youtube.com/watch?v=i7nfgztwJjQ -f b[ext=mp4] -o ./youtube_downloads\資展國際-BDSE37-網路爬蟲/資展國際-BDSE37-網路爬蟲01.mp4 --progress --no-overwrites
2025-05-01 11:12:15,716 - INFO - 下載成功：資展國際-BDSE37-網路爬蟲01
2025-05-01 11:12:17,194 - INFO - 正在下載 (2/24)：資展國際-BDSE37-網路爬蟲02
2025-05-01 11:12:17,194 - INFO - 執行命令：./yt-dlp.exe https://www.youtube.com/watch?v=VWV40wFxtvE -f b[ext=mp4] -o ./youtube_downloads\資展國際-BDSE37-網路爬蟲/資展國際-BDSE37-網路爬蟲02.mp4 --progress --no-overwrites
2025-05-01 11:12:35,781 - INFO - 下載成功：資展國際-BDSE37-網路爬蟲02
2025-05-01 11:12:37,687 - INFO - 正在下載 (3/24)：資展國際-BDSE37-網路爬蟲03
2025-05-01 11:12:37,687 - INFO - 執行命令：./yt-dlp.exe https://www.youtube.com/watch?v=I6KYz6Jw9Rc -f b[ext=mp4] -o ./youtube_downloads\資展國際-BDSE37-網路爬蟲/資展國際-BDSE37-網路爬蟲03.mp4 --progress --no-overwrites
2025-05-01 11:13:01,124 - INFO - 下載成功：資展國際-BDSE37-網路爬蟲03
2025-05-01 11:13:04,198 - INFO - 正在下載 (4/24)：資展國際-BDSE37-網路爬蟲04
2025-05-01 11:13:04,198 - INFO - 執行命令：./yt-dlp.exe https://www.youtube.com/watch?v=9xF6CCLj1Ic -f b[ext=mp4] -o ./youtube_downloads\資展國際-BDSE37-網路爬蟲/資展國際-BDSE37-網路爬蟲04.mp4 --progress --no-overwrites
2025-05-01 11:13:28,257 - INFO - 下載成功：資展國際-BDSE37-網路爬蟲04
2025-05-01 11:13:29,344 - INFO - 正在下載 (5/24)：資展國際-BDSE37-網路爬蟲05
2025-05-01 11:13:29,344 - INFO - 執行命令：./yt-dlp.exe https://www.youtube.com/watch?v=QSYqzG29Ylg -f b[ext=mp4] -o ./youtube_downloads\資展國際-BDSE37-網路爬蟲/資展國際-BDSE37-網路爬蟲05.mp4 --progress --no-overwrites
2025-05-01 11:14:15,256 - INFO - 下載成功：資展國際-BDSE37-網路爬蟲05
2025-05-01 11:14:20,039 - INFO - 正在下載 (6/24)：資展國際-BDSE37-網路爬蟲06
2025-05-01 11:14:20,041 - INFO - 執行命令：./yt-dlp.exe https://www.youtube.com/watch?v=DSOBthQZ0Ss -f b[ext=mp4] -o ./youtube_downloads\資展國際-BDSE37-網路爬蟲/資展國際-BDSE37-網路爬蟲06.mp4 --progress --no-overwrites
2025-05-01 11:14:48,050 - INFO - 下載成功：資展國際-BDSE37-網路爬蟲06
2025-05-01 11:14:50,737 - INFO - 正在下載 (7/24)：資展國際-BDSE37-網路爬蟲07
2025-05-01 11:14:50,737 - INFO - 執行命令：./yt-dlp.exe https://www.youtube.com/watch?v=Z4CVdexjtNw -f b[ext=mp4] -o ./youtube_downloads\資展國際-BDSE37-網路爬蟲/資展國際-BDSE37-網路爬蟲07.mp4 --progress --no-overwrites
2025-05-01 11:15:17,603 - INFO - 下載成功：資展國際-BDSE37-網路爬蟲07
2025-05-01 11:15:19,477 - INFO - 正在下載 (8/24)：資展國際-BDSE37-網路爬蟲08
2025-05-01 11:15:19,477 - INFO - 執行命令：./yt-dlp.exe https://www.youtube.com/watch?v=9mgv22LaWjA -f b[ext=mp4] -o ./youtube_downloads\資展國際-BDSE37-網路爬蟲/資展國際-BDSE37-網路爬蟲08.mp4 --progress --no-overwrites
2025-05-01 11:15:41,585 - INFO - 下載成功：資展國際-BDSE37-網路爬蟲08
2025-05-01 11:15:44,384 - INFO - 正在下載 (9/24)：資展國際-BDSE37-網路爬蟲09
2025-05-01 11:15:44,385 - INFO - 執行命令：./yt-dlp.exe https://www.youtube.com/watch?v=IJMbndU3yks -f b[ext=mp4] -o ./youtube_downloads\資展國際-BDSE37-網路爬蟲/資展國際-BDSE37-網路爬蟲09.mp4 --progress --no-overwrites
2025-05-01 11:16:04,551 - INFO - 下載成功：資展國際-BDSE37-網路爬蟲09
2025-05-01 11:16:07,318 - INFO - 正在下載 (10/24)：資展國際-BDSE37-網路爬蟲10
2025-05-01 11:16:07,318 - INFO - 執行命令：./yt-dlp.exe https://www.youtube.com/watch?v=lW1mHC27vo8 -f b[ext=mp4] -o ./youtube_downloads\資展國際-BDSE37-網路爬蟲/資展國際-BDSE37-網路爬蟲10.mp4 --progress --no-overwrites
2025-05-01 11:16:35,791 - INFO - 下載成功：資展國際-BDSE37-網路爬蟲10
2025-05-01 11:16:39,062 - INFO - 在下一批次前暫停 5.46 秒
2025-05-01 11:16:44,521 - INFO - 處理批次 2 (11-20)
2025-05-01 11:16:44,521 - INFO - 正在下載 (11/24)：資展國際-BDSE37-網路爬蟲11
2025-05-01 11:16:44,521 - INFO - 執行命令：./yt-dlp.exe https://www.youtube.com/watch?v=IR4oEN78GXY -f b[ext=mp4] -o ./youtube_downloads\資展國際-BDSE37-網路爬蟲/資展國際-BDSE37-網路爬蟲11.mp4 --progress --no-overwrites
2025-05-01 11:17:01,388 - INFO - 下載成功：資展國際-BDSE37-網路爬蟲11
2025-05-01 11:17:05,069 - INFO - 正在下載 (12/24)：資展國際-BDSE37-網路爬蟲12
2025-05-01 11:17:05,069 - INFO - 執行命令：./yt-dlp.exe https://www.youtube.com/watch?v=s_aZXl7L6mw -f b[ext=mp4] -o ./youtube_downloads\資展國際-BDSE37-網路爬蟲/資展國際-BDSE37-網路爬蟲12.mp4 --progress --no-overwrites
2025-05-01 11:17:29,612 - INFO - 下載成功：資展國際-BDSE37-網路爬蟲12
2025-05-01 11:17:31,134 - INFO - 正在下載 (13/24)：資展國際-BDSE37-網路爬蟲13
2025-05-01 11:17:31,135 - INFO - 執行命令：./yt-dlp.exe https://www.youtube.com/watch?v=xnQkmCpOPHw -f b[ext=mp4] -o ./youtube_downloads\資展國際-BDSE37-網路爬蟲/資展國際-BDSE37-網路爬蟲13.mp4 --progress --no-overwrites
2025-05-01 11:18:43,537 - INFO - 用戶輸入 URL：https://www.youtube.com/watch?v=i7nfgztwJjQ&list=PLV4FeK54eNbwMqP9-nUf2Aop9zPhf2NHY&index=1&t=12s
2025-05-01 11:18:43,537 - INFO - 檢查 URL：https://www.youtube.com/watch?v=i7nfgztwJjQ&list=PLV4FeK54eNbwMqP9-nUf2Aop9zPhf2NHY&index=1&t=12s，是否為播放清單：True
2025-05-01 11:18:46,259 - INFO - 下載數量限制：None
2025-05-01 11:18:52,453 - INFO - 選擇的下載格式：b[ext=mp4]
2025-05-01 11:18:52,453 - INFO - 正在取得播放清單資訊：https://www.youtube.com/watch?v=i7nfgztwJjQ&list=PLV4FeK54eNbwMqP9-nUf2Aop9zPhf2NHY&index=1&t=12s
2025-05-01 11:18:52,453 - INFO - 檢查 URL：https://www.youtube.com/watch?v=i7nfgztwJjQ&list=PLV4FeK54eNbwMqP9-nUf2Aop9zPhf2NHY&index=1&t=12s，是否為播放清單：True
2025-05-01 11:18:52,453 - INFO - 執行命令：./yt-dlp.exe https://www.youtube.com/watch?v=i7nfgztwJjQ&list=PLV4FeK54eNbwMqP9-nUf2Aop9zPhf2NHY&index=1&t=12s --get-filename -o %(playlist_title)s --no-simulate --flat-playlist --playlist-items 1
2025-05-01 11:18:56,592 - INFO - 獲取到播放清單標題: 資展國際-BDSE37-網路爬蟲
2025-05-01 11:18:56,592 - INFO - 執行命令：./yt-dlp.exe https://www.youtube.com/watch?v=i7nfgztwJjQ&list=PLV4FeK54eNbwMqP9-nUf2Aop9zPhf2NHY&index=1&t=12s --flat-playlist --print id --print title --no-warnings
2025-05-01 11:19:00,871 - INFO - 成功取得播放清單資訊：資展國際-BDSE37-網路爬蟲，包含 24 個影片
2025-05-01 11:19:00,871 - INFO - 已建立資料夾：./youtube_downloads\資展國際-BDSE37-網路爬蟲
2025-05-01 11:19:00,873 - INFO - 已儲存 JSON 檔案：./youtube_downloads\資展國際-BDSE37-網路爬蟲\playlist.json
2025-05-01 11:19:00,873 - INFO - 已建立播放清單 JSON 檔案於 ./youtube_downloads\資展國際-BDSE37-網路爬蟲
2025-05-01 11:19:04,098 - INFO - 是否立即下載：
2025-05-01 11:19:04,098 - INFO - 將下載 24/24 個影片
2025-05-01 11:19:04,098 - INFO - 處理批次 1 (1-10)
2025-05-01 11:19:04,124 - INFO - 正在下載 (1/24)：資展國際-BDSE37-網路爬蟲01
2025-05-01 11:19:04,124 - INFO - 執行命令：./yt-dlp.exe https://www.youtube.com/watch?v=i7nfgztwJjQ -f b[ext=mp4] -o ./youtube_downloads\資展國際-BDSE37-網路爬蟲/資展國際-BDSE37-網路爬蟲01.mp4 --progress --no-overwrites
2025-05-01 11:19:25,829 - INFO - 下載成功：資展國際-BDSE37-網路爬蟲01
2025-05-01 11:19:28,821 - INFO - 正在下載 (2/24)：資展國際-BDSE37-網路爬蟲02
2025-05-01 11:19:28,821 - INFO - 執行命令：./yt-dlp.exe https://www.youtube.com/watch?v=VWV40wFxtvE -f b[ext=mp4] -o ./youtube_downloads\資展國際-BDSE37-網路爬蟲/資展國際-BDSE37-網路爬蟲02.mp4 --progress --no-overwrites
2025-05-01 11:19:46,839 - INFO - 下載成功：資展國際-BDSE37-網路爬蟲02
2025-05-01 11:19:50,398 - INFO - 正在下載 (3/24)：資展國際-BDSE37-網路爬蟲03
2025-05-01 11:19:50,398 - INFO - 執行命令：./yt-dlp.exe https://www.youtube.com/watch?v=I6KYz6Jw9Rc -f b[ext=mp4] -o ./youtube_downloads\資展國際-BDSE37-網路爬蟲/資展國際-BDSE37-網路爬蟲03.mp4 --progress --no-overwrites
2025-05-01 11:20:12,043 - INFO - 下載成功：資展國際-BDSE37-網路爬蟲03
2025-05-01 11:20:16,441 - INFO - 正在下載 (4/24)：資展國際-BDSE37-網路爬蟲04
2025-05-01 11:20:16,441 - INFO - 執行命令：./yt-dlp.exe https://www.youtube.com/watch?v=9xF6CCLj1Ic -f b[ext=mp4] -o ./youtube_downloads\資展國際-BDSE37-網路爬蟲/資展國際-BDSE37-網路爬蟲04.mp4 --progress --no-overwrites
2025-05-01 11:23:20,945 - INFO - 用戶輸入 URL：https://www.youtube.com/watch?v=i7nfgztwJjQ&list=PLV4FeK54eNbwMqP9-nUf2Aop9zPhf2NHY&index=1&t=12s
2025-05-01 11:23:20,945 - INFO - 檢查 URL：https://www.youtube.com/watch?v=i7nfgztwJjQ&list=PLV4FeK54eNbwMqP9-nUf2Aop9zPhf2NHY&index=1&t=12s，是否為播放清單：True
2025-05-01 11:23:22,440 - INFO - 下載數量限制：None
2025-05-01 11:23:24,934 - INFO - 選擇的下載格式：bestvideo[height=1080]+bestaudio/best[height=1080]/bestvideo[height<=1080][height>=720]+bestaudio/best[height<=1080]
2025-05-01 11:23:24,934 - INFO - 正在取得播放清單資訊：https://www.youtube.com/watch?v=i7nfgztwJjQ&list=PLV4FeK54eNbwMqP9-nUf2Aop9zPhf2NHY&index=1&t=12s
2025-05-01 11:23:24,934 - INFO - 檢查 URL：https://www.youtube.com/watch?v=i7nfgztwJjQ&list=PLV4FeK54eNbwMqP9-nUf2Aop9zPhf2NHY&index=1&t=12s，是否為播放清單：True
2025-05-01 11:23:24,934 - INFO - 執行命令：./yt-dlp.exe https://www.youtube.com/watch?v=i7nfgztwJjQ&list=PLV4FeK54eNbwMqP9-nUf2Aop9zPhf2NHY&index=1&t=12s --get-filename -o %(playlist_title)s --no-simulate --flat-playlist --playlist-items 1
2025-05-01 11:23:28,875 - INFO - 獲取到播放清單標題: 資展國際-BDSE37-網路爬蟲
2025-05-01 11:23:28,875 - INFO - 執行命令：./yt-dlp.exe https://www.youtube.com/watch?v=i7nfgztwJjQ&list=PLV4FeK54eNbwMqP9-nUf2Aop9zPhf2NHY&index=1&t=12s --flat-playlist --print id --print title --no-warnings
2025-05-01 11:23:33,344 - INFO - 成功取得播放清單資訊：資展國際-BDSE37-網路爬蟲，包含 24 個影片
2025-05-01 11:23:33,344 - INFO - 已建立資料夾：./youtube_downloads\資展國際-BDSE37-網路爬蟲
2025-05-01 11:23:33,346 - INFO - 已儲存 JSON 檔案：./youtube_downloads\資展國際-BDSE37-網路爬蟲\playlist.json
2025-05-01 11:23:33,346 - INFO - 已建立播放清單 JSON 檔案於 ./youtube_downloads\資展國際-BDSE37-網路爬蟲
2025-05-01 11:23:41,689 - INFO - 是否立即下載：
2025-05-01 11:23:41,689 - INFO - 將下載 24/24 個影片
2025-05-01 11:23:41,689 - INFO - 處理批次 1 (1-10)
2025-05-01 11:23:41,712 - INFO - 正在下載 (1/24)：資展國際-BDSE37-網路爬蟲01
2025-05-01 11:23:41,712 - INFO - 執行命令：./yt-dlp.exe https://www.youtube.com/watch?v=i7nfgztwJjQ -f bestvideo[height=1080]+bestaudio/best[height=1080]/bestvideo[height<=1080][height>=720]+bestaudio/best[height<=1080] -o ./youtube_downloads\資展國際-BDSE37-網路爬蟲/資展國際-BDSE37-網路爬蟲01.mp4 --progress --no-overwrites
2025-05-01 11:24:53,204 - INFO - 成功使用 cp950 編碼解析輸出
2025-05-01 11:24:53,204 - INFO - 下載成功：資展國際-BDSE37-網路爬蟲01
2025-05-01 11:24:55,385 - INFO - 正在下載 (2/24)：資展國際-BDSE37-網路爬蟲02
2025-05-01 11:24:55,385 - INFO - 執行命令：./yt-dlp.exe https://www.youtube.com/watch?v=VWV40wFxtvE -f bestvideo[height=1080]+bestaudio/best[height=1080]/bestvideo[height<=1080][height>=720]+bestaudio/best[height<=1080] -o ./youtube_downloads\資展國際-BDSE37-網路爬蟲/資展國際-BDSE37-網路爬蟲02.mp4 --progress --no-overwrites
2025-05-01 11:25:46,981 - INFO - 成功使用 cp950 編碼解析輸出
2025-05-01 11:25:46,981 - INFO - 下載成功：資展國際-BDSE37-網路爬蟲02
2025-05-01 11:25:50,647 - INFO - 正在下載 (3/24)：資展國際-BDSE37-網路爬蟲03
2025-05-01 11:25:50,647 - INFO - 執行命令：./yt-dlp.exe https://www.youtube.com/watch?v=I6KYz6Jw9Rc -f bestvideo[height=1080]+bestaudio/best[height=1080]/bestvideo[height<=1080][height>=720]+bestaudio/best[height<=1080] -o ./youtube_downloads\資展國際-BDSE37-網路爬蟲/資展國際-BDSE37-網路爬蟲03.mp4 --progress --no-overwrites
2025-05-01 11:27:24,458 - INFO - 用戶輸入 URL：https://www.youtube.com/watch?v=c79upw09pmk
2025-05-01 11:27:24,458 - INFO - 檢查 URL：https://www.youtube.com/watch?v=c79upw09pmk，是否為播放清單：False
2025-05-01 11:27:24,458 - INFO - 正在取得影片資訊：https://www.youtube.com/watch?v=c79upw09pmk
2025-05-01 11:27:24,458 - INFO - 執行命令：./yt-dlp.exe https://www.youtube.com/watch?v=c79upw09pmk --print id --print title --no-warnings --no-playlist --ignore-errors
2025-05-01 11:27:31,656 - INFO - 成功取得影片資訊：【鄭宜農Enno Cheng feat 陳嫺靜Hsien Ching - 街仔路雨落袂停 At a rainy night （Would you walk me home?）】Music Video
2025-05-01 11:27:36,113 - INFO - 選擇的下載格式：bestvideo[height=1080]+bestaudio/best[height=1080]/bestvideo[height<=1080][height>=720]+bestaudio/best[height<=1080]
2025-05-01 11:27:36,114 - INFO - 已建立資料夾：./youtube_downloads\單個影片
2025-05-01 11:27:36,115 - INFO - 正在下載影片：【鄭宜農Enno Cheng feat 陳嫺靜Hsien Ching - 街仔路雨落袂停 At a rainy night （Would you walk me home?）】Music Video
2025-05-01 11:27:36,115 - INFO - 執行命令：./yt-dlp.exe https://www.youtube.com/watch?v=c79upw09pmk -f bestvideo[height=1080]+bestaudio/best[height=1080]/bestvideo[height<=1080][height>=720]+bestaudio/best[height<=1080] -o ./youtube_downloads\單個影片/【鄭宜農Enno Cheng feat 陳嫺靜Hsien Ching - 街仔路雨落袂停 At a rainy night （Would you walk me home_）】Music Video.mp4 --progress --no-overwrites
2025-05-01 11:28:36,903 - INFO - 成功使用 cp950 編碼解析輸出
2025-05-01 11:28:36,904 - INFO - 下載成功：【鄭宜農Enno Cheng feat 陳嫺靜Hsien Ching - 街仔路雨落袂停 At a rainy night （Would you walk me home?）】Music Video，儲存位置：./youtube_downloads\單個影片/【鄭宜農Enno Cheng feat 陳嫺靜Hsien Ching - 街仔路雨落袂停 At a rainy night （Would you walk me home_）】Music Video.mp4
2025-05-01 11:28:36,904 - INFO - 單個影片處理完成
2025-05-01 11:31:05,369 - INFO - 用戶輸入 URL：https://www.youtube.com/watch?v=lFpS1gcJRgc
2025-05-01 11:31:05,369 - INFO - 檢查 URL：https://www.youtube.com/watch?v=lFpS1gcJRgc，是否為播放清單：False
2025-05-01 11:31:05,369 - INFO - 正在取得影片資訊：https://www.youtube.com/watch?v=lFpS1gcJRgc
2025-05-01 11:31:05,369 - INFO - 執行命令：./yt-dlp.exe https://www.youtube.com/watch?v=lFpS1gcJRgc --print id --print title --no-warnings --no-playlist --ignore-errors
2025-05-01 11:31:10,366 - INFO - 成功取得影片資訊：顯然樂隊-低賤的人Official Video
2025-05-01 11:31:12,250 - INFO - 選擇的下載格式：b[ext=mp4]
2025-05-01 11:31:12,250 - INFO - 已建立資料夾：./youtube_downloads\單個影片
2025-05-01 11:31:12,250 - INFO - 正在下載影片：顯然樂隊-低賤的人Official Video
2025-05-01 11:31:12,251 - INFO - 執行命令：./yt-dlp.exe https://www.youtube.com/watch?v=lFpS1gcJRgc -f b[ext=mp4] -o ./youtube_downloads\單個影片/顯然樂隊-低賤的人Official Video.mp4 --progress --no-overwrites
2025-05-01 11:31:22,234 - INFO - 下載成功：顯然樂隊-低賤的人Official Video，儲存位置：./youtube_downloads\單個影片/顯然樂隊-低賤的人Official Video.mp4
2025-05-01 11:31:22,234 - INFO - 單個影片處理完成
